id,question,dataset_name,best_k,max_f1,f1_at_0,gain_to_best,first_reach_best_k,plateau_length,post_peak_drop,sign_changes,volatility,trend_type,stability_type
single_nq_dev_10,which apostle had a thorn in his side,nq,1,0.6666666666666666,0.031746031746031744,0.6349206349206349,1,1,0.6666666666666666,4,3.232621784345922,oscillating,highly_oscillating
single_nq_dev_1002,when was celibacy introduced in the catholic church,nq,12,0.6666666666666666,0.06451612903225806,0.6021505376344085,12,2,0.2666666666666666,1,1.0552063999398358,rise_then_fall,mildly_oscillating
single_nq_dev_1006,when did world war ii in europe end,nq,0,1.0,1.0,0.0,0,1,0.7142857142857143,5,2.0238095238095237,oscillating,highly_oscillating
single_nq_dev_1010,to capture all passing packets through a network the nic needs to be in -- -- mode,nq,0,0.6666666666666666,0.6666666666666666,0.0,0,1,0.5555555555555556,5,3.333333333333333,oscillating,highly_oscillating
single_nq_dev_1025,where will the fifa world cup be held in 2018,nq,0,1.0,1.0,0.0,0,16,0.0,0,0.0,flat,stable
single_nq_dev_1042,who plays sage in step up high water,nq,0,0.0,0.0,0.0,0,16,0.0,0,0.0,flat,stable
single_nq_dev_1068,when was the first world happiness report released,nq,3,1.0,0.8,0.19999999999999996,3,13,0.0,1,0.8,rise_then_plateau,mildly_oscillating
single_nq_dev_1070,what came first mean machine or the longest yard,nq,0,1.0,1.0,0.0,0,10,0.33333333333333337,3,1.3333333333333335,oscillating,mildly_oscillating
single_nq_dev_1085,what are the type of genes that prevent other genes from showing their phenotype,nq,0,0.0,0.0,0.0,0,16,0.0,0,0.0,flat,stable
single_nq_dev_1090,what is the distance of a point from y axis called,nq,0,0.0,0.0,0.0,0,16,0.0,0,0.0,flat,stable
single_nq_dev_1096,what part of the chicken is general tso chicken,nq,6,0.8,0.0,0.8,6,8,0.6620689655172414,4,2.427168234064786,oscillating,highly_oscillating
single_nq_dev_1102,who was the actress that played dorothy in the wizard of oz,nq,0,0.6666666666666666,0.6666666666666666,0.0,0,1,0.6666666666666666,4,1.1965811965811965,oscillating,highly_oscillating
single_nq_dev_1119,who plays astrid how to train your dragon,nq,0,1.0,1.0,0.0,0,1,1.0,4,4.066666666666666,oscillating,highly_oscillating
single_nq_dev_1129,who 's the mayor of south bend indiana,nq,15,0.16666666666666666,0.0,0.16666666666666666,15,1,0.0,0,0.16666666666666666,rise_then_plateau,stable
single_nq_dev_1130,when does it 's always sunny in philadelphia season 13 start,nq,0,1.0,1.0,0.0,0,16,0.0,0,0.0,flat,stable
single_nq_dev_1134,which mountains would you cross to travel from northern italy to switzerland,nq,0,1.0,1.0,0.0,0,16,0.0,0,0.0,flat,stable
single_nq_dev_1143,where does chad go to college in hsm3,nq,0,0.5714285714285715,0.5714285714285715,0.0,0,2,0.5329670329670331,3,1.7877385772122616,oscillating,mildly_oscillating
single_nq_dev_1150,who got first bharat ratna award in 1954,nq,0,0.4444444444444445,0.4444444444444445,0.0,0,1,0.4444444444444445,1,0.8444444444444446,other,mildly_oscillating
single_nq_dev_1186,when was the city of new york founded,nq,0,1.0,1.0,0.0,0,12,0.9487179487179487,1,1.8974358974358974,other,mildly_oscillating
single_nq_dev_1188,when did thirteen reasons why season 1 come out,nq,0,1.0,1.0,0.0,0,3,0.6,5,3.4,oscillating,highly_oscillating
single_nq_dev_120,which technique measures the electrical activity of brain cells directly,nq,3,1.0,0.14285714285714288,0.8571428571428571,3,1,1.0,1,1.9428571428571428,rise_then_fall,mildly_oscillating
single_nq_dev_1203,who put the sun in the center of the universe,nq,0,1.0,1.0,0.0,0,3,0.9487179487179487,5,5.525342874180083,oscillating,highly_oscillating
single_nq_dev_1228,who has won the us open golf 2018 title in new york,nq,0,1.0,1.0,0.0,0,16,0.0,0,0.0,flat,stable
single_nq_dev_1230,where do cardiac impulses originate in the heart,nq,0,0.8,0.8,0.0,0,2,0.7090909090909091,2,2.146814176535539,other,mildly_oscillating
single_nq_dev_1242,guardians of the galaxy cast gamora 's sister,nq,0,1.0,1.0,0.0,0,1,1.0,4,1.8888888888888893,oscillating,highly_oscillating
single_nq_dev_1259,are pure metals made of atoms or ions,nq,2,1.0,0.03773584905660378,0.9622641509433962,2,10,0.9591836734693877,2,2.8806314978821717,rise_then_plateau_then_fall,mildly_oscillating
single_nq_dev_126,the sum of the kinetic and potential energies of all particles in the system is called the,nq,0,0.4,0.4,0.0,0,1,0.4,0,0.4,fall_then_plateau,mildly_oscillating
single_nq_dev_1287,who sang still crazy after all these years,nq,0,1.0,1.0,0.0,0,16,0.0,0,0.0,flat,stable
single_nq_dev_1288,when does water stop flowing from hypotonic to hypertonic solution,nq,13,0.03773584905660377,0.0,0.03773584905660377,13,3,0.03773584905660377,0,0.1194277420692515,flat,stable
single_nq_dev_1304,who wrote the first five books of moses,nq,12,0.28571428571428575,0.0,0.28571428571428575,12,1,0.17460317460317465,5,0.9753501400560225,oscillating,highly_oscillating
single_nq_dev_1349,what battle took place at breeds hill near boston,nq,0,1.0,1.0,0.0,0,1,0.5555555555555556,2,1.6666666666666667,other,mildly_oscillating
single_nq_dev_1375,the voting rights act of 1965 was an effort to ensure voting rights for,nq,1,1.0,0.0,1.0,1,4,0.8709677419354839,3,3.5647476462417034,oscillating,mildly_oscillating
single_nq_dev_1378,who wrote the song fairytale of new york,nq,1,1.0,0.5714285714285715,0.4285714285714285,1,2,0.4285714285714285,1,0.857142857142857,rise_then_fall,mildly_oscillating
single_nq_dev_1380,when did the last season of jersey shore air,nq,7,0.3333333333333333,0.0,0.3333333333333333,7,1,0.3333333333333333,3,1.3896713615023473,oscillating,mildly_oscillating
single_nq_dev_1384,who plays as beast in beauty and the beast,nq,9,0.5714285714285715,0.3076923076923077,0.2637362637362638,9,1,0.5714285714285715,2,1.4505494505494505,rise_then_fall,mildly_oscillating
single_nq_dev_1385,who played mama on throw momma from the train,nq,0,1.0,1.0,0.0,0,16,0.0,0,0.0,flat,stable
single_nq_dev_1402,who sang i do n 't want to live without your love,nq,0,1.0,1.0,0.0,0,1,1.0,4,5.0,oscillating,highly_oscillating
single_nq_dev_1404,who sang i ca n 't let maggie go,nq,2,1.0,0.0,1.0,2,14,0.0,0,1.0,rise_then_plateau,mildly_oscillating
single_nq_dev_1424,who was the first person to settle dodge city,nq,5,0.33333333333333337,0.0,0.33333333333333337,5,3,0.33333333333333337,3,1.3333333333333335,oscillating,mildly_oscillating
single_nq_dev_1426,the national institutes of health is a federal agency that is responsible for,nq,3,1.0,0.37499999999999994,0.625,3,1,0.8181818181818181,3,1.7845578832420936,oscillating,mildly_oscillating
single_nq_dev_1427,when did the phillies win the world series,nq,7,1.0,0.5,0.5,7,4,0.5,1,1.0,rise_then_plateau_then_fall,mildly_oscillating
single_nq_dev_1428,when did daylight saving first start in australia,nq,1,1.0,0.0,1.0,1,2,1.0,1,2.0,rise_then_fall,mildly_oscillating
single_nq_dev_1433,who sings the song i 'm coming over,nq,0,1.0,1.0,0.0,0,1,0.7333333333333333,6,4.842424242424243,oscillating,highly_oscillating
single_nq_dev_1438,who wrote give me a home among the gum trees,nq,0,0.5714285714285715,0.5714285714285715,0.0,0,16,0.0,0,0.0,flat,stable
single_nq_dev_1445,what season of greys anatomy was the plane crash,nq,0,0.5,0.5,0.0,0,16,0.0,0,0.0,flat,stable
single_nq_dev_1447,what is the corn palace in mitchell south dakota,nq,3,0.08450704225352113,0.0,0.08450704225352113,3,13,0.0294611706938881,0,0.13557335542630425,rise_then_plateau,stable
single_nq_dev_1450,when does season 2 of the gates come out,nq,0,0.16666666666666666,0.16666666666666666,0.0,0,1,0.16666666666666666,6,0.6358524426269624,oscillating,highly_oscillating
single_nq_dev_1481,when did photo driving licences start in uk,nq,0,0.8,0.8,0.0,0,1,0.7523809523809524,2,1.8621250094934305,other,mildly_oscillating
single_nq_dev_1494,who is left on rupaul 's drag race season 10,nq,11,0.5714285714285715,0.5,0.07142857142857151,11,2,0.5714285714285715,4,2.5357142857142865,oscillating,highly_oscillating
single_nq_dev_1497,when did constituent assembly adopted the constitution of india,nq,0,1.0,1.0,0.0,0,1,0.6666666666666667,1,1.3333333333333335,other,mildly_oscillating
single_nq_dev_1509,what year did gnomeo and juliet come out,nq,0,1.0,1.0,0.0,0,16,0.0,0,0.0,flat,stable
single_nq_dev_1520,when did the us join world war ii,nq,0,0.5,0.5,0.0,0,1,0.4,7,3.117251461988304,oscillating,highly_oscillating
single_nq_dev_1523,who plays cane on the young and the restless,nq,0,0.8,0.8,0.0,0,16,0.0,0,0.0,flat,stable
single_nq_dev_1556,who sings ca n 't you see what that woman 's been doin to me,nq,1,1.0,0.3333333333333333,0.6666666666666667,1,1,1.0,1,1.6666666666666667,rise_then_fall,mildly_oscillating
single_nq_dev_163,when did the first mammal appear on earth,nq,7,1.0,0.0,1.0,7,2,1.0,5,2.5741626794258368,oscillating,highly_oscillating
single_nq_dev_1634,where does calcium ion storage occur in a cell,nq,0,1.0,1.0,0.0,0,1,0.8518518518518519,4,2.4564102564102566,oscillating,highly_oscillating
single_nq_dev_1645,who wrote the music to somewhere in time,nq,0,1.0,1.0,0.0,0,1,0.33333333333333337,3,1.3333333333333335,oscillating,mildly_oscillating
single_nq_dev_1647,when did south africa declare war on germany,nq,0,0.8,0.8,0.0,0,1,0.8,3,3.0545454545454547,oscillating,mildly_oscillating
single_nq_dev_1667,who won the 1979 ncaa men 's basketball championship,nq,5,1.0,0.8,0.19999999999999996,5,7,0.19999999999999996,3,2.2,oscillating,mildly_oscillating
single_nq_dev_1669,who plays the prince in once upon a time,nq,0,0.4,0.4,0.0,0,16,0.0,0,0.0,flat,stable
single_nq_dev_1682,how many europa league places does england get,nq,0,0.0,0.0,0.0,0,16,0.0,0,0.0,flat,stable
single_nq_dev_1710,what two bodies of water does the erie canal link together,nq,0,0.5714285714285715,0.5714285714285715,0.0,0,1,0.20779220779220792,3,0.8311688311688317,oscillating,mildly_oscillating
single_nq_dev_1721,who played the son of captain hook in descendants 2,nq,0,1.0,1.0,0.0,0,16,0.0,0,0.0,flat,stable
single_nq_dev_1752,which country 's head visit to pakistan first,nq,7,1.0,0.0,1.0,7,9,0.0,0,1.0,rise_then_plateau,mildly_oscillating
single_nq_dev_1767,what does cantina mean in english from spanish,nq,0,0.4,0.4,0.0,0,3,0.36000000000000004,0,0.4818993751346692,fall_then_plateau,mildly_oscillating
single_nq_dev_1780,who had the first interracial kiss on tv,nq,11,0.5714285714285715,0.0,0.5714285714285715,11,2,0.5714285714285715,1,1.2270676691729325,rise_then_fall,mildly_oscillating
single_nq_dev_1785,in georgia how old do you have to be to get a tattoo,nq,8,0.5,0.2857142857142857,0.2142857142857143,8,3,0.5,4,1.343671422057195,oscillating,highly_oscillating
single_nq_dev_1797,who sang love do n 't live here anymore,nq,0,1.0,1.0,0.0,0,7,0.5,1,1.0,other,mildly_oscillating
single_nq_dev_1810,when was the last steam train used in uk,nq,0,1.0,1.0,0.0,0,1,0.967741935483871,8,3.536733439463304,oscillating,highly_oscillating
single_nq_dev_1827,what takes place on the narrator 's 19th birthday notes of a native son,nq,10,0.30769230769230765,0.06451612903225806,0.2431761786600496,10,1,0.19658119658119655,7,1.2178521589007958,oscillating,highly_oscillating
single_nq_dev_1838,when did australia win the rugby world cup,nq,4,1.0,0.33333333333333337,0.6666666666666666,4,1,1.0,4,3.166666666666667,oscillating,highly_oscillating
single_nq_dev_1841,what is the typical term for a mortgage loan,nq,1,0.16666666666666669,0.0,0.16666666666666669,1,1,0.16666666666666669,3,0.5308404558404559,oscillating,mildly_oscillating
single_nq_dev_1861,what is the last name of the current english royal family,nq,0,0.6666666666666666,0.6666666666666666,0.0,0,1,0.5714285714285714,1,1.1428571428571428,other,mildly_oscillating
single_nq_dev_1862,what is the role of a makeup artist,nq,0,0.1875,0.1875,0.0,0,1,0.14354395604395603,3,0.47752132776858297,oscillating,mildly_oscillating
single_nq_dev_1865,what year did the first ipod touch come out,nq,0,1.0,1.0,0.0,0,16,0.0,0,0.0,flat,stable
single_nq_dev_1866,when did the free school lunch program start,nq,0,0.5,0.5,0.0,0,1,0.45,1,0.9,other,mildly_oscillating
single_nq_dev_1872,who had the best record in mlb 2016,nq,0,0.6666666666666666,0.6666666666666666,0.0,0,1,0.6666666666666666,6,4.283413848631239,oscillating,highly_oscillating
single_nq_dev_1874,who 's the dad of blair waldorf 's baby,nq,0,0.6666666666666666,0.6666666666666666,0.0,0,1,0.6666666666666666,3,2.4,oscillating,mildly_oscillating
single_nq_dev_1875,what language is eric speaking in true blood,nq,1,0.08333333333333333,0.0,0.08333333333333333,1,1,0.08333333333333333,1,0.16666666666666666,rise_then_fall,stable
single_nq_dev_1908,when does fantastic beasts and where to find them take place,nq,0,1.0,1.0,0.0,0,1,1.0,6,6.692307692307692,oscillating,highly_oscillating
single_nq_dev_1909,who won the 2018 us golf open championship,nq,0,1.0,1.0,0.0,0,1,1.0,1,2.0,other,mildly_oscillating
single_nq_dev_1928,what is a natural source of salicylic acid,nq,3,0.6666666666666666,0.5,0.16666666666666663,3,1,0.6666666666666666,5,3.261904761904762,oscillating,highly_oscillating
single_nq_dev_1935,how much did it cost to make 12 strong,nq,0,1.0,1.0,0.0,0,1,1.0,3,3.4,oscillating,mildly_oscillating
single_nq_dev_1937,who was the founder of buddhism and when was he born,nq,0,0.28571428571428575,0.28571428571428575,0.0,0,1,0.20571428571428577,3,0.583896103896104,oscillating,mildly_oscillating
single_nq_dev_1944,who is the actor that plays mayhem in the insurance commercials,nq,0,0.6666666666666666,0.6666666666666666,0.0,0,16,0.0,0,0.0,flat,stable
single_nq_dev_1961,who was the song think of laura written about,nq,4,0.5,0.4,0.09999999999999998,4,12,0.0,1,0.7518518518518518,rise_then_plateau,mildly_oscillating
single_nq_dev_1964,where were the celts said to have migrated from,nq,0,1.0,1.0,0.0,0,1,1.0,4,3.1230769230769226,oscillating,highly_oscillating
single_nq_dev_1971,when did knuck if you buck come out,nq,1,1.0,0.3333333333333333,0.6666666666666667,1,15,0.0,0,0.6666666666666667,rise_then_plateau,mildly_oscillating
single_nq_dev_2006,where does the dukes of hazard take place,nq,0,1.0,1.0,0.0,0,1,1.0,5,2.396299307927215,oscillating,highly_oscillating
single_nq_dev_2039,when does black lightning start on the cw,nq,0,1.0,1.0,0.0,0,2,0.6666666666666667,3,2.3333333333333335,oscillating,mildly_oscillating
single_nq_dev_2048,dolce and gabbana based on which italian city,nq,0,1.0,1.0,0.0,0,3,1.0,1,2.0,other,mildly_oscillating
single_nq_dev_2059,what cars does dom drive in fate of the furious,nq,0,0.4444444444444444,0.4444444444444444,0.0,0,1,0.3956639566395664,0,0.6171176364563972,fall_then_plateau,mildly_oscillating
single_nq_dev_208,who did sweeney todd meet on the ship back to london,nq,2,1.0,0.0,1.0,2,1,1.0,5,2.609195402298851,oscillating,highly_oscillating
single_nq_dev_2088,when was save the world released on pc,nq,0,0.5,0.5,0.0,0,16,0.0,0,0.0,flat,stable
single_nq_dev_2094,who played catwoman in the tv show batman,nq,0,1.0,1.0,0.0,0,1,0.7777777777777778,2,1.2222222222222225,other,mildly_oscillating
single_nq_dev_2096,how do you say young lady in german,nq,0,0.0,0.0,0.0,0,16,0.0,0,0.0,flat,stable
single_nq_dev_210,when did the albany plan of union take place,nq,0,1.0,1.0,0.0,0,1,0.8888888888888888,1,1.2777777777777777,other,mildly_oscillating
single_nq_dev_2107,where does the m6 toll road start and finish,nq,3,0.47619047619047616,0.0,0.47619047619047616,3,5,0.05952380952380948,0,0.6709956709956708,rise_then_plateau,mildly_oscillating
single_nq_dev_2122,where is the army navy game played in 2016,nq,0,0.8571428571428571,0.8571428571428571,0.0,0,1,0.8571428571428571,2,2.5047619047619047,other,mildly_oscillating
single_nq_dev_2128,crossword clue 19th century novelist who created barsetshire,nq,0,1.0,1.0,0.0,0,1,0.8857142857142857,7,6.317948717948719,oscillating,highly_oscillating
single_nq_dev_2136,who played gomez in the addams family tv show,nq,0,1.0,1.0,0.0,0,16,0.0,0,0.0,flat,stable
single_nq_dev_2149,who won sa re ga ma little champs 2017,nq,0,0.0,0.0,0.0,0,16,0.0,0,0.0,flat,stable
single_nq_dev_2173,where will the winter olympics be held in,nq,13,0.6666666666666666,0.0,0.6666666666666666,13,3,0.0,0,0.6666666666666666,rise_then_plateau,mildly_oscillating
single_nq_dev_2175,the first indian woman who climbed mt.everest twice,nq,0,1.0,1.0,0.0,0,1,1.0,4,4.0769230769230775,oscillating,highly_oscillating
single_nq_dev_2179,what is the name of the banjo player in deliverance,nq,2,1.0,0.0,1.0,2,1,1.0,1,2.0,rise_then_fall,mildly_oscillating
single_nq_dev_2181,who owns the trump tower in new york,nq,2,1.0,0.6666666666666666,0.33333333333333337,2,14,0.0,1,0.9999999999999999,rise_then_plateau,mildly_oscillating
single_nq_dev_2246,what were the seven ancient wonders of the world,nq,0,0.2222222222222222,0.2222222222222222,0.0,0,16,0.0222222222222222,0,0.0888888888888888,flat,stable
single_nq_dev_2251,what is the name of the river in salzburg austria,nq,5,1.0,0.6666666666666666,0.33333333333333337,5,1,0.7777777777777778,4,3.6444444444444444,oscillating,highly_oscillating
single_nq_dev_2260,hertfordshire fire and rescue service chief fire officer,nq,3,1.0,0.13333333333333333,0.8666666666666667,3,1,0.7142857142857143,3,3.0095238095238095,oscillating,mildly_oscillating
single_nq_dev_2289,what is the name of ramaiya vastavaiya heroine,nq,1,1.0,0.0,1.0,1,2,1.0,4,5.0,oscillating,highly_oscillating
single_nq_dev_2295,who wrote love and war by tamar braxton,nq,4,0.6666666666666666,0.4,0.2666666666666666,4,4,0.22222222222222215,5,1.5803174603174603,oscillating,highly_oscillating
single_nq_dev_2316,which international border does the gariep-orange follow before it enters the sea,nq,0,1.0,1.0,0.0,0,1,0.8297872340425532,5,3.2817966903073286,oscillating,highly_oscillating
single_nq_dev_2347,according to mahabharata who constructed unparalleled palace of pandavas,nq,0,0.0,0.0,0.0,0,16,0.0,0,0.0,flat,stable
single_nq_dev_2364,who played in the super bowl in 2013,nq,0,0.6666666666666666,0.6666666666666666,0.0,0,2,0.5128205128205128,5,3.060728744939271,oscillating,highly_oscillating
single_nq_dev_2367,when did the hardy boyz debut in wwe,nq,0,1.0,1.0,0.0,0,1,1.0,1,2.0,other,mildly_oscillating
single_nq_dev_238,who was the winner of dancing with the stars season 21,nq,2,1.0,0.0,1.0,2,14,0.0,0,1.0,rise_then_plateau,mildly_oscillating
single_nq_dev_2386,who did francis ouimet beat in the us open,nq,0,0.5714285714285715,0.5714285714285715,0.0,0,16,0.0,0,0.0,flat,stable
single_nq_dev_2393,who won the us open golf in 2017,nq,0,1.0,1.0,0.0,0,1,1.0,1,2.0,other,mildly_oscillating
single_nq_dev_2427,who plays the asian girl in deadpool 2,nq,0,1.0,1.0,0.0,0,1,1.0,2,1.2352941176470589,other,mildly_oscillating
single_nq_dev_2435,the cat in the hat boy and girl,nq,0,0.0,0.0,0.0,0,16,0.0,0,0.0,flat,stable
single_nq_dev_2436,what are the muscle fibers under the control of a single motor axon,nq,0,1.0,1.0,0.0,0,1,0.9259259259259259,2,2.7421909662210036,other,mildly_oscillating
single_nq_dev_2437,who sang the song he stopped loving her today,nq,0,0.0,0.0,0.0,0,16,0.0,0,0.0,flat,stable
single_nq_dev_2451,who plays diane lockhart in the good wife,nq,0,0.8,0.8,0.0,0,14,0.4923076923076924,1,0.9846153846153848,other,mildly_oscillating
single_nq_dev_246,who wrote the song smooth by florida georgia line,nq,0,0.4444444444444445,0.4444444444444445,0.0,0,1,0.08080808080808088,0,0.08080808080808088,fall_then_plateau,stable
single_nq_dev_2461,who won ncaa womens basketball championship in 2017,nq,1,0.8,0.6666666666666666,0.13333333333333341,1,15,0.0,0,0.13333333333333341,rise_then_plateau,stable
single_nq_dev_2475,where did the first world cup final take place,nq,0,1.0,1.0,0.0,0,1,1.0,0,1.1799797775530838,fall_then_plateau,mildly_oscillating
single_nq_dev_2481,where is the danube river located in europe,nq,0,1.0,1.0,0.0,0,1,0.7948717948717949,0,0.8218623481781377,fall_then_plateau,mildly_oscillating
single_nq_dev_2495,where do you go to get a patent,nq,3,0.14814814814814814,0.05063291139240506,0.09751523675574308,3,1,0.07996632996632996,1,0.20825730624688185,rise_then_fall,stable
single_nq_dev_2513,when did the song lean on me come out,nq,1,1.0,0.6666666666666666,0.33333333333333337,1,15,0.0,0,0.33333333333333337,rise_then_plateau,mildly_oscillating
single_nq_dev_2527,who was you make loving fun written about,nq,0,1.0,1.0,0.0,0,7,0.6363636363636365,5,3.6565656565656575,oscillating,highly_oscillating
single_nq_dev_2532,why is part of oregon in mountain time,nq,1,0.1568627450980392,0.021052631578947368,0.13581011351909184,1,2,0.08186274509803922,0,0.3242009050064516,rise_then_plateau,mildly_oscillating
single_nq_dev_2535,age 21 became the uniform legal drinking age across the us in,nq,0,0.5,0.5,0.0,0,3,0.41304347826086957,3,1.2546583850931676,oscillating,mildly_oscillating
single_nq_dev_2543,who lead the french in the french and indian war,nq,11,0.5714285714285715,0.5,0.07142857142857151,11,2,0.49735449735449744,5,2.7995870434894825,oscillating,highly_oscillating
single_nq_dev_2564,who is the she that gollum refers to,nq,2,1.0,0.0,1.0,2,3,1.0,5,5.900474143145631,oscillating,highly_oscillating
single_nq_dev_2565,where did they film the movie in the heat of the night,nq,6,1.0,0.5,0.5,6,1,1.0,7,3.910872718179545,oscillating,highly_oscillating
single_nq_dev_2567,where do most jamaicans live in the us,nq,0,1.0,1.0,0.0,0,2,1.0,6,3.934615384615385,oscillating,highly_oscillating
single_nq_dev_2572,where does it rain the most in texas,nq,11,0.0625,0.0,0.0625,11,1,0.0625,5,0.33146020646020646,oscillating,highly_oscillating
single_nq_dev_2581,who performed at the champions league final 2018,nq,4,0.6666666666666666,0.4,0.2666666666666666,4,1,0.2666666666666666,8,1.2333333333333334,oscillating,highly_oscillating
single_nq_dev_2582,when release na peru surya na illu india,nq,0,1.0,1.0,0.0,0,16,0.0,0,0.0,flat,stable
single_nq_dev_2584,is a decision of the us supreme court enacted law or common law,nq,0,1.0,1.0,0.0,0,16,0.0,0,0.0,flat,stable
single_nq_dev_2591,where did they film the witches of eastwick,nq,6,1.0,0.6666666666666666,0.33333333333333337,6,10,0.0,1,1.6666666666666665,rise_then_plateau,mildly_oscillating
single_nq_dev_2607,what kind of car in to catch a thief,nq,0,0.0,0.0,0.0,0,16,0.0,0,0.0,flat,stable
single_nq_dev_261,who goes first in chess black or white,nq,0,1.0,1.0,0.0,0,16,0.0,0,0.0,flat,stable
single_nq_dev_2630,who was involved in the iran iraq war,nq,0,0.5,0.5,0.0,0,1,0.47619047619047616,4,1.034436511833094,oscillating,highly_oscillating
single_nq_dev_2651,who sang the song coat of many colors,nq,0,1.0,1.0,0.0,0,16,0.0,0,0.0,flat,stable
single_nq_dev_2658,who is the chess champion of the world,nq,0,1.0,1.0,0.0,0,1,1.0,4,4.702165760230276,oscillating,highly_oscillating
single_nq_dev_2675,who sang with carly simon on you 're so vain,nq,0,1.0,1.0,0.0,0,3,1.0,3,4.0,oscillating,mildly_oscillating
single_nq_dev_2707,what year did russia sell alaska to the united states,nq,0,1.0,1.0,0.0,0,16,0.0,0,0.0,flat,stable
single_nq_dev_2708,when will jurassic world the fallen kingdom come out,nq,0,1.0,1.0,0.0,0,1,0.8181818181818181,1,1.6363636363636362,other,mildly_oscillating
single_nq_dev_2732,how many chests of tea were dumped in the boston harbor,nq,2,1.0,0.6666666666666666,0.33333333333333337,2,14,0.0,0,0.33333333333333337,rise_then_plateau,mildly_oscillating
single_nq_dev_2737,where was baz luhrmann 's romeo and juliet filmed,nq,5,0.039999999999999994,0.0,0.039999999999999994,5,11,0.039999999999999994,0,0.07999999999999999,flat,stable
single_nq_dev_2746,into what body of water does the danube river flow,nq,0,1.0,1.0,0.0,0,16,0.0,0,0.0,flat,stable
single_nq_dev_2752,who was the mother of dragons married to,nq,0,0.6666666666666666,0.6666666666666666,0.0,0,4,0.6126126126126126,1,1.2252252252252251,other,mildly_oscillating
single_nq_dev_2785,who is the actor that plays brick heck,nq,0,1.0,1.0,0.0,0,1,0.8787878787878788,2,2.50995670995671,other,mildly_oscillating
single_nq_dev_2798,who forged the ring in lord of the rings,nq,0,0.5,0.5,0.0,0,13,0.28571428571428575,1,0.5714285714285715,other,mildly_oscillating
single_nq_dev_2823,where do i go to get a background check done,nq,0,0.0,0.0,0.0,0,16,0.0,0,0.0,flat,stable
single_nq_dev_2824,who is the winner of 2018 royal rumble,nq,0,1.0,1.0,0.0,0,1,1.0,3,3.333333333333333,oscillating,mildly_oscillating
single_nq_dev_2829,what kind of money do they use in russia,nq,0,0.6666666666666666,0.6666666666666666,0.0,0,1,0.5128205128205128,3,2.025641025641025,oscillating,mildly_oscillating
single_nq_dev_2831,what is the hubble classification of the milky way galaxy,nq,4,0.5,0.28571428571428575,0.21428571428571425,4,1,0.5,4,2.112554112554113,oscillating,highly_oscillating
single_nq_dev_2836,who holds the record for the longest field goal,nq,0,1.0,1.0,0.0,0,1,1.0,2,3.0,other,mildly_oscillating
single_nq_dev_2844,when does the good fight season 2 start,nq,0,1.0,1.0,0.0,0,1,0.6,0,0.6,fall_then_plateau,mildly_oscillating
single_nq_dev_2861,the part of mexico north of the rio grande used to be called,nq,1,0.5,0.0,0.5,1,1,0.39655172413793105,8,2.363533555802744,oscillating,highly_oscillating
single_nq_dev_287,who plays the ape in planet of the apes 2011,nq,0,0.0,0.0,0.0,0,16,0.0,0,0.0,flat,stable
single_nq_dev_2879,where did the hemlock wooly adelgid come from,nq,3,1.0,0.33333333333333337,0.6666666666666666,3,1,1.0,3,3.2280701754385963,oscillating,mildly_oscillating
single_nq_dev_2889,who has become the first batsman to score three hundreds in t20 internationals,nq,0,1.0,1.0,0.0,0,1,1.0,0,1.0,fall_then_plateau,mildly_oscillating
single_nq_dev_2894,who won series 5 of the great british bake off,nq,0,1.0,1.0,0.0,0,1,1.0,1,2.0,other,mildly_oscillating
single_nq_dev_2908,where is olympic national park located in washington,nq,0,0.8,0.8,0.0,0,3,0.55,0,0.6000000000000002,fall_then_plateau,mildly_oscillating
single_nq_dev_291,what is the objective of tour de france,nq,11,0.06060606060606061,0.025641025641025637,0.034965034965034975,11,5,0.038866930171278,0,0.2500884588060374,flat,stable
single_nq_dev_2915,when did cars land open in california adventure,nq,0,1.0,1.0,0.0,0,16,0.0,0,0.0,flat,stable
single_nq_dev_2920,characteristic that is related to a star 's temperature,nq,0,1.0,1.0,0.0,0,1,1.0,0,1.1637259292431703,fall_then_plateau,mildly_oscillating
single_nq_dev_2926,where did italy win the world cup in 2006,nq,0,1.0,1.0,0.0,0,5,0.5,5,2.333333333333334,oscillating,highly_oscillating
single_nq_dev_2972,what does mpv stand for in a cbc test,nq,0,0.19354838709677416,0.19354838709677416,0.0,0,16,0.026881720430107475,0,0.06609740670461725,flat,stable
single_nq_dev_2979,who is the top goal scorer for brazil,nq,0,0.0,0.0,0.0,0,16,0.0,0,0.0,flat,stable
single_nq_dev_2984,when was alice in chains jar of flies released,nq,1,1.0,0.6666666666666666,0.33333333333333337,1,15,0.0,0,0.33333333333333337,rise_then_plateau,mildly_oscillating
single_nq_dev_3007,when is the last time the astros been to the world series,nq,3,1.0,0.0,1.0,3,13,0.0,0,1.0,rise_then_plateau,mildly_oscillating
single_nq_dev_3014,what are the ports on my hp elitebook,nq,0,0.0,0.0,0.0,0,16,0.0,0,0.0,flat,stable
single_nq_dev_3015,who sang the orange is the new black theme song,nq,0,1.0,1.0,0.0,0,5,1.0,2,3.0,other,mildly_oscillating
single_nq_dev_3018,who wrote i know a heartache when i see one,nq,0,0.0,0.0,0.0,0,16,0.0,0,0.0,flat,stable
single_nq_dev_3020,who argued that class struggles were what led to historical progress and development,nq,0,0.0,0.0,0.0,0,16,0.0,0,0.0,flat,stable
single_nq_dev_3030,which two countries are separated by mac mohan line,nq,0,0.5,0.5,0.0,0,1,0.4411764705882353,1,0.8823529411764706,other,mildly_oscillating
single_nq_dev_3031,who sings came in like a wrecking ball,nq,0,1.0,1.0,0.0,0,1,1.0,12,9.057142857142855,oscillating,highly_oscillating
single_nq_dev_3054,what do you call animals live in water,nq,6,0.07142857142857144,0.06666666666666667,0.004761904761904773,6,10,0.01428571428571429,0,0.030870279146141225,flat,stable
single_nq_dev_3091,when did most of the land called palestine became the country of israel,nq,0,1.0,1.0,0.0,0,1,0.9622641509433962,3,2.19811320754717,oscillating,mildly_oscillating
single_nq_dev_3102,who has won the most mvp awards in basketball,nq,0,0.4,0.4,0.0,0,1,0.4,0,0.46425605297350037,fall_then_plateau,mildly_oscillating
single_nq_dev_3103,what is the musculoskeletal system and what does it do,nq,0,0.15384615384615385,0.15384615384615385,0.0,0,1,0.10839160839160841,0,0.1945480051863031,fall_then_plateau,stable
single_nq_dev_3117,what is stacey 's surname in gavin and stacey,nq,0,1.0,1.0,0.0,0,1,1.0,1,2.0,other,mildly_oscillating
single_nq_dev_3129,who sang the opening line of do they know it 's christmas,nq,3,1.0,0.0,1.0,3,1,1.0,3,4.0,oscillating,mildly_oscillating
single_nq_dev_3140,india become member of un in the year,nq,12,0.04081632653061224,0.0,0.04081632653061224,12,4,0.04081632653061224,0,0.08163265306122448,flat,stable
single_nq_dev_3177,who wrote the inn of the sixth happiness,nq,0,1.0,1.0,0.0,0,1,1.0,1,2.0,other,mildly_oscillating
single_nq_dev_3178,when was the two dollar bill first printed,nq,0,1.0,1.0,0.0,0,1,0.935483870967742,2,2.2043010752688175,other,mildly_oscillating
single_nq_dev_318,when was the clear and present danger test replaced,nq,0,0.0,0.0,0.0,0,16,0.0,0,0.0,flat,stable
single_nq_dev_3185,who is the actress that plays callie on the fosters,nq,0,1.0,1.0,0.0,0,1,0.6363636363636365,0,0.6363636363636365,fall_then_plateau,mildly_oscillating
single_nq_dev_3212,when did the first printing press come out,nq,0,0.0,0.0,0.0,0,16,0.0,0,0.0,flat,stable
single_nq_dev_3214,who plays the principle in f the prom,nq,0,0.0,0.0,0.0,0,16,0.0,0,0.0,flat,stable
single_nq_dev_3230,who plays gilbert blythe in anne of green gables,nq,0,1.0,1.0,0.0,0,1,1.0,8,2.85237717805867,oscillating,highly_oscillating
single_nq_dev_3239,this term means a state has supreme and absolute authority within its own borders,nq,0,1.0,1.0,0.0,0,1,0.875,2,2.625,other,mildly_oscillating
single_nq_dev_3242,who wrote the book tale of two cities,nq,0,1.0,1.0,0.0,0,16,0.0,0,0.0,flat,stable
single_nq_dev_3262,when did the rule of east india company end in the sub-continent,nq,0,1.0,1.0,0.0,0,2,0.9607843137254902,1,1.9215686274509804,other,mildly_oscillating
single_nq_dev_3269,who does the voice for bob on bobs burgers,nq,0,1.0,1.0,0.0,0,16,0.0,0,0.0,flat,stable
single_nq_dev_3291,who recorded ai n 't no mountain high enough,nq,0,0.0,0.0,0.0,0,16,0.0,0,0.0,flat,stable
single_nq_dev_3292,who won rupaul 's drag race season 8,nq,0,1.0,1.0,0.0,0,1,0.9230769230769231,1,1.846153846153846,other,mildly_oscillating
single_nq_dev_3295,who did the music for the black panther movie,nq,0,0.5,0.5,0.0,0,1,0.3333333333333333,4,1.6666666666666665,oscillating,highly_oscillating
single_nq_dev_3299,how many times has spain hosted the olympics,nq,1,1.0,0.0,1.0,1,2,1.0,1,2.0,rise_then_fall,mildly_oscillating
single_nq_dev_3319,when did how to eat fried worms come out,nq,0,1.0,1.0,0.0,0,1,0.9375,3,2.1416666666666666,oscillating,mildly_oscillating
single_nq_dev_3358,who does the voice of the hormone monster on big mouth,nq,0,1.0,1.0,0.0,0,1,1.0,9,8.107142857142858,oscillating,highly_oscillating
single_nq_dev_3367,girl who plays leslie in bridge to terabithia,nq,0,1.0,1.0,0.0,0,1,0.7333333333333333,4,3.5875457875457872,oscillating,highly_oscillating
single_nq_dev_3384,where was the titanic headed before it sank,nq,0,0.8,0.8,0.0,0,4,0.49230769230769234,3,1.4417582417582417,oscillating,mildly_oscillating
single_nq_dev_3387,who was president when the civil war started,nq,0,1.0,1.0,0.0,0,1,1.0,2,3.0,other,mildly_oscillating
single_nq_dev_339,how many times france take the world cup,nq,1,0.0625,0.0,0.0625,1,2,0.0625,1,0.125,rise_then_fall,stable
single_nq_dev_340,who played in the movie a star is born with judy garland,nq,0,1.0,1.0,0.0,0,3,1.0,1,2.0,other,mildly_oscillating
single_nq_dev_3407,the yellowstone supervolcano is an example of which kind of volcanism,nq,1,0.6666666666666666,0.0,0.6666666666666666,1,3,0.6666666666666666,2,2.0,rise_then_plateau_then_fall,mildly_oscillating
single_nq_dev_3418,where was in the heat of the night filmed in 1967,nq,5,1.0,0.0,1.0,5,4,0.9607843137254902,5,4.890962034531327,oscillating,highly_oscillating
single_nq_dev_346,how much does a trump golf membership cost,nq,3,0.5,0.06779661016949153,0.4322033898305085,3,1,0.5,5,1.601129943502825,oscillating,highly_oscillating
single_nq_dev_3469,when did jack mccoy start on law and order,nq,1,1.0,0.5,0.5,1,15,0.0,0,0.5,rise_then_plateau,mildly_oscillating
single_nq_dev_3470,what is the current strength of lok sabha,nq,5,1.0,0.0,1.0,5,11,0.0,0,1.0,rise_then_plateau,mildly_oscillating
single_nq_dev_348,what are the two most successful teams in spains soccer clubs,nq,1,0.13793103448275862,0.0,0.13793103448275862,1,1,0.13793103448275862,3,0.6747321085440778,oscillating,mildly_oscillating
single_nq_dev_3482,when did sacramento became the capital of california,nq,0,0.0,0.0,0.0,0,16,0.0,0,0.0,flat,stable
single_nq_dev_3491,who plays the trans in orange is the new black,nq,0,1.0,1.0,0.0,0,13,0.7647058823529411,2,2.19327731092437,other,mildly_oscillating
single_nq_dev_35,who wins the 2017 australian open men 's single title,nq,0,1.0,1.0,0.0,0,1,0.6923076923076923,1,1.3846153846153846,other,mildly_oscillating
single_nq_dev_3515,who fell in love with his own reflection,nq,0,1.0,1.0,0.0,0,16,0.0,0,0.0,flat,stable
single_nq_dev_3516,when did the american federation of labor start,nq,1,0.8,0.5,0.30000000000000004,1,15,0.0,0,0.30000000000000004,rise_then_plateau,mildly_oscillating
single_nq_dev_352,who dies in season 2 of orange is the new black,nq,0,0.6666666666666666,0.6666666666666666,0.0,0,1,0.6021505376344085,0,0.6043010752688172,fall_then_plateau,mildly_oscillating
single_nq_dev_3523,who plays ricky bobby 's dad in talladega nights,nq,0,1.0,1.0,0.0,0,16,0.0,0,0.0,flat,stable
single_nq_dev_3531,when did the tudor dynasty come to an end,nq,0,0.5,0.5,0.0,0,1,0.5,1,1.0,other,mildly_oscillating
single_nq_dev_3535,where did the rams play before st louis,nq,0,1.0,1.0,0.0,0,16,0.0,0,0.0,flat,stable
single_nq_dev_3553,when was the united states postal service started,nq,15,0.0392156862745098,0.0,0.0392156862745098,15,1,0.0,0,0.0392156862745098,flat,stable
single_nq_dev_3557,who was the ruler of the aztec empire when the spanish conquest began,nq,12,0.14285714285714285,0.0,0.14285714285714285,12,1,0.14285714285714285,5,0.544047619047619,oscillating,highly_oscillating
single_nq_dev_356,who sang i love rock and roll original,nq,1,1.0,0.0,1.0,1,1,1.0,7,6.666666666666668,oscillating,highly_oscillating
single_nq_dev_3560,what is the name of the capital city of belgium,nq,0,1.0,1.0,0.0,0,1,0.7142857142857143,6,5.0,oscillating,highly_oscillating
single_nq_dev_3571,who played blair in the facts of life,nq,0,0.8,0.8,0.0,0,1,0.6888888888888889,1,1.3777777777777778,other,mildly_oscillating
single_nq_dev_3588,when was the new cooper river bridge built,nq,1,0.6666666666666666,0.4,0.2666666666666666,1,1,0.5964912280701754,10,4.131193838254171,oscillating,highly_oscillating
single_nq_dev_3618,who has won the most champions league games,nq,10,0.07407407407407407,0.0,0.07407407407407407,10,1,0.07407407407407407,1,0.16878406276788074,rise_then_fall,stable
single_nq_dev_362,where did the free settlers settle in australia,nq,0,0.0,0.0,0.0,0,16,0.0,0,0.0,flat,stable
single_nq_dev_3620,3 . what part of the bacterial cell is most involved in gram staining,nq,1,0.33333333333333337,0.0,0.33333333333333337,1,1,0.33333333333333337,3,1.3368508370094057,oscillating,mildly_oscillating
single_nq_dev_3641,if two organism 's have the same name in their binomial name then they are in the same,nq,0,0.05128205128205127,0.05128205128205127,0.0,0,4,0.05128205128205127,0,0.15317203122081172,rise_then_plateau,stable
single_nq_dev_3653,where was the first power station built and why,nq,0,0.25,0.25,0.0,0,1,0.25,0,0.25,fall_then_plateau,stable
single_nq_dev_3701,what major league baseball player has the most world series rings,nq,0,1.0,1.0,0.0,0,16,0.0,0,0.0,flat,stable
single_nq_dev_3714,where do i get a norwegian forest cat,nq,0,0.0,0.0,0.0,0,16,0.0,0,0.0,flat,stable
single_nq_dev_3715,a phenomenon known as flameover is also known by what other term,nq,13,1.0,0.0,1.0,13,3,0.0,0,1.0,rise_then_plateau,mildly_oscillating
single_nq_dev_3729,when did its a wonderful life come out,nq,0,0.0,0.0,0.0,0,16,0.0,0,0.0,flat,stable
single_nq_dev_3743,when does the new season of handmaids tale come out,nq,0,0.0,0.0,0.0,0,16,0.0,0,0.0,flat,stable
single_nq_dev_3751,pontiac trans am in smokey and the bandit,nq,0,0.3529411764705882,0.3529411764705882,0.0,0,1,0.27886710239651413,0,0.3514365649353138,fall_then_plateau,mildly_oscillating
single_nq_dev_3761,who plays mantis in the guardians of the galaxy,nq,0,1.0,1.0,0.0,0,1,0.8888888888888888,1,1.7777777777777777,other,mildly_oscillating
single_nq_dev_3763,how many games do la liga teams play,nq,0,0.6666666666666666,0.6666666666666666,0.0,0,2,0.6666666666666666,3,2.6666666666666665,oscillating,mildly_oscillating
single_nq_dev_3776,who starred in the night of the grizzly,nq,0,1.0,1.0,0.0,0,1,0.6923076923076923,0,0.6923076923076923,fall_then_plateau,mildly_oscillating
single_nq_dev_3784,who wrote the seven commandments in animal farm,nq,3,1.0,0.8571428571428571,0.1428571428571429,3,1,0.5,2,1.557142857142857,rise_then_fall,mildly_oscillating
single_nq_dev_3811,who sings if i could save time in a bottle,nq,0,0.6666666666666666,0.6666666666666666,0.0,0,2,0.5128205128205128,4,2.1025641025641026,oscillating,highly_oscillating
single_nq_dev_3826,when does new samurai jack episode come out,nq,0,0.42857142857142855,0.42857142857142855,0.0,0,1,0.42857142857142855,6,1.666198653131502,oscillating,highly_oscillating
single_nq_dev_3844,name the agent of erosion that produce hanging valley,nq,0,1.0,1.0,0.0,0,1,1.0,0,1.0,fall_then_plateau,mildly_oscillating
single_nq_dev_3850,which arc is a line of volcanoes on an oceanic plate,nq,2,0.4,0.3333333333333333,0.06666666666666671,2,4,0.4,9,2.006976744186047,oscillating,highly_oscillating
single_nq_dev_3864,who was the president of india during 1962 emergency,nq,0,0.0,0.0,0.0,0,16,0.0,0,0.0,flat,stable
single_nq_dev_3868,when did the 8 track tape come out,nq,1,1.0,0.0,1.0,1,15,0.0,0,1.0,rise_then_plateau,mildly_oscillating
single_nq_dev_388,where did the southern song have their capital,nq,4,0.5,0.0,0.5,4,12,0.0,0,0.5,rise_then_plateau,mildly_oscillating
single_nq_dev_3885,how many characters are there in guess who,nq,0,1.0,1.0,0.0,0,1,1.0,6,5.5165005537098555,oscillating,highly_oscillating
single_nq_dev_3918,when is the last time the falcons went to the super bowl,nq,1,0.19354838709677416,0.0,0.19354838709677416,1,1,0.19354838709677416,2,0.5977229601518026,rise_then_fall,mildly_oscillating
single_nq_dev_3926,who plays tina 's voice in bob 's burgers,nq,0,0.4,0.4,0.0,0,1,0.2461538461538462,1,0.4923076923076924,other,mildly_oscillating
single_nq_dev_3935,who is in the cast of netflix lost in space,nq,5,0.3076923076923077,0.0,0.3076923076923077,5,1,0.3076923076923077,4,1.0824786324786324,oscillating,highly_oscillating
single_nq_dev_3948,name the branch of science that deals with the study of heredity and variation,nq,0,1.0,1.0,0.0,0,10,0.8571428571428571,2,2.571428571428571,other,mildly_oscillating
single_nq_dev_3952,who plays ares in the movie wonder woman,nq,0,1.0,1.0,0.0,0,16,0.0,0,0.0,flat,stable
single_nq_dev_3963,when did wizards of the coast buy d&d,nq,0,0.5,0.5,0.0,0,1,0.44285714285714284,2,1.2038961038961038,other,mildly_oscillating
single_nq_dev_3968,who has the most stanley cups in nhl,nq,0,1.0,1.0,0.0,0,4,1.0,2,2.8,other,mildly_oscillating
single_nq_dev_3970,what is the term for the colder denser water below the thermocline in a fresh water lake,nq,0,1.0,1.0,0.0,0,1,0.875,4,4.448717948717948,oscillating,highly_oscillating
single_nq_dev_3986,when was germany split into east and west,nq,4,1.0,0.16666666666666669,0.8333333333333333,4,1,0.9649122807017544,7,5.649647167564301,oscillating,highly_oscillating
single_nq_dev_3995,what does barney work as in how i met your mother,nq,0,0.2857142857142857,0.2857142857142857,0.0,0,1,0.2857142857142857,0,0.34632034632034636,fall_then_plateau,mildly_oscillating
single_nq_dev_4006,when did the mindy project move to hulu,nq,1,1.0,0.6666666666666666,0.33333333333333337,1,1,0.8125,2,1.625,rise_then_fall,mildly_oscillating
single_nq_dev_4008,who is the girl that plays in good luck charlie,nq,0,1.0,1.0,0.0,0,1,1.0,2,2.5294117647058822,other,mildly_oscillating
single_nq_dev_4029,who raised the american flag on iwo jima,nq,15,0.09756097560975609,0.0,0.09756097560975609,15,1,0.0,0,0.16321754126632174,rise_then_plateau,stable
single_nq_dev_4033,how many eyes do orb weaver spiders have,nq,0,1.0,1.0,0.0,0,16,0.0,0,0.0,flat,stable
single_nq_dev_4056,who was the mexican president who distributed land to the peasants in the 1930s,nq,0,0.0,0.0,0.0,0,16,0.0,0,0.0,flat,stable
single_nq_dev_4099,who 's in george michael 's freedom video,nq,0,0.3636363636363636,0.3636363636363636,0.0,0,1,0.2836363636363636,0,0.36277112702644615,fall_then_plateau,mildly_oscillating
single_nq_dev_4109,who plays captain hook in hook the movie,nq,0,1.0,1.0,0.0,0,5,0.6666666666666666,1,1.3333333333333333,other,mildly_oscillating
single_nq_dev_4129,when did ju ju on that beat come out,nq,2,0.5,0.3333333333333333,0.16666666666666669,2,1,0.40909090909090906,8,2.8223637997222903,oscillating,highly_oscillating
single_nq_dev_4130,who played darth vader in star wars 4,nq,5,1.0,0.4,0.6,5,1,1.0,2,2.0363636363636366,rise_then_fall,mildly_oscillating
single_nq_dev_4149,when will hms prince of wales be floated,nq,10,1.0,0.0,1.0,10,1,1.0,3,2.571428571428571,oscillating,mildly_oscillating
single_nq_dev_4157,who led the slave revolt in saint domingue,nq,0,0.0,0.0,0.0,0,16,0.0,0,0.0,flat,stable
single_nq_dev_4172,what city is the next winter olympics in,nq,0,1.0,1.0,0.0,0,1,1.0,2,2.833333333333333,other,mildly_oscillating
single_nq_dev_4180,when did the us navy became the biggest,nq,0,0.0,0.0,0.0,0,16,0.0,0,0.0,flat,stable
single_nq_dev_4190,stone monuments often collective tombs from europe 's neolithic period are often referred to as,nq,1,0.10526315789473684,0.0,0.10526315789473684,1,14,0.10526315789473684,1,0.248758259284575,rise_then_plateau_then_fall,stable
single_nq_dev_4192,who wrote the score for pirates of the caribbean,nq,8,1.0,0.0,1.0,8,1,1.0,5,4.190476190476191,oscillating,highly_oscillating
single_nq_dev_4195,who is credited with discovering the effect of genetics on plant characteristics,nq,0,1.0,1.0,0.0,0,2,0.9393939393939394,1,1.878787878787879,other,mildly_oscillating
single_nq_dev_4203,who played bree van de kamp in desperate housewives,nq,0,1.0,1.0,0.0,0,16,0.0,0,0.0,flat,stable
single_nq_dev_4222,when did kobe bryant win his first ring,nq,0,1.0,1.0,0.0,0,12,0.8181818181818181,1,1.6363636363636362,other,mildly_oscillating
single_nq_dev_424,who translated the song we shall overcome in bengali,nq,6,0.07407407407407407,0.0,0.07407407407407407,6,10,0.005108556832694761,0,0.07918263090676883,rise_then_plateau,stable
single_nq_dev_4261,when is the third magnus chase book coming out,nq,1,1.0,0.24000000000000002,0.76,1,10,0.7391304347826086,2,2.2382608695652175,rise_then_plateau_then_fall,mildly_oscillating
single_nq_dev_4292,who plays the old man in home alone,nq,0,0.8,0.8,0.0,0,1,0.8,5,4.466666666666667,oscillating,highly_oscillating
single_nq_dev_4296,what is the difference between minority and majority government,nq,0,0.0,0.0,0.0,0,16,0.0,0,0.0,flat,stable
single_nq_dev_4326,who wrote another saturday night and i ai n 't got nobody,nq,0,1.0,1.0,0.0,0,1,1.0,6,2.8130761686825765,oscillating,highly_oscillating
single_nq_dev_4334,whats the dogs name in wizard of oz,nq,0,1.0,1.0,0.0,0,5,0.7777777777777778,0,0.7777777777777778,fall_then_plateau,mildly_oscillating
single_nq_dev_4342,who does the voice on how i met your mother,nq,0,1.0,1.0,0.0,0,16,0.0,0,0.0,flat,stable
single_nq_dev_4346,name of dog in smokey and the bandit,nq,4,0.2222222222222222,0.19999999999999998,0.022222222222222227,4,9,0.2222222222222222,1,0.4888888888888888,other,mildly_oscillating
single_nq_dev_4388,who is the president of nicaragua right now,nq,0,0.6666666666666666,0.6666666666666666,0.0,0,1,0.6666666666666666,1,0.7719298245614035,other,mildly_oscillating
single_nq_dev_4457,who plays aladdin on once upon a time,nq,0,1.0,1.0,0.0,0,2,1.0,3,3.3846153846153846,oscillating,mildly_oscillating
single_nq_dev_4464,which is britains oldest sunday newspaper published for the first time in 1791,nq,0,1.0,1.0,0.0,0,1,0.8571428571428571,3,3.4065934065934065,oscillating,mildly_oscillating
single_nq_dev_447,what the world needs now is love singer,nq,0,1.0,1.0,0.0,0,16,0.0,0,0.0,flat,stable
single_nq_dev_4475,when did india won the first world cup,nq,0,1.0,1.0,0.0,0,16,0.0,0,0.0,flat,stable
single_nq_dev_4501,nilgiri himalayan and arabian are species of which animal,nq,12,0.2857142857142857,0.0,0.2857142857142857,12,1,0.2857142857142857,2,0.8571428571428571,rise_then_fall,mildly_oscillating
single_nq_dev_4510,how many number one hits did elvis presley have,nq,0,1.0,1.0,0.0,0,4,0.8333333333333333,8,4.133333333333334,oscillating,highly_oscillating
single_nq_dev_4515,when did the old man on pawn shop pass away,nq,0,0.0,0.0,0.0,0,16,0.0,0,0.0,flat,stable
single_nq_dev_4524,what is the second movie of the pirates of the caribbean,nq,0,0.4,0.4,0.0,0,1,0.22608695652173916,0,0.32117976099669465,fall_then_plateau,mildly_oscillating
single_nq_dev_4535,when did the morning after pill come out,nq,0,0.0,0.0,0.0,0,16,0.0,0,0.0,flat,stable
single_nq_dev_4575,when was the last time scotland won the calcutta cup,nq,0,0.0,0.0,0.0,0,16,0.0,0,0.0,flat,stable
single_nq_dev_4580,who was the writer for the force awakens,nq,0,0.5714285714285715,0.5714285714285715,0.0,0,1,0.5714285714285715,7,2.167965367965368,oscillating,highly_oscillating
single_nq_dev_4581,when did south africa host rugby world cup,nq,0,1.0,1.0,0.0,0,1,0.7777777777777778,1,1.5555555555555556,other,mildly_oscillating
single_nq_dev_4585,when is the new season of my little pony coming out,nq,0,0.0,0.0,0.0,0,16,0.0,0,0.0,flat,stable
single_nq_dev_4589,who translated national song of india in english,nq,0,0.0,0.0,0.0,0,16,0.0,0,0.0,flat,stable
single_nq_dev_4598,who came up with the design idea for the penny,nq,0,1.0,1.0,0.0,0,1,1.0,0,1.0,fall_then_plateau,mildly_oscillating
single_nq_dev_4609,who plays lucas on days of our lives,nq,0,0.8,0.8,0.0,0,10,0.55,1,1.1,other,mildly_oscillating
single_nq_dev_4625,who sang do n 't let the sun go down,nq,0,1.0,1.0,0.0,0,6,0.6,3,1.6285714285714283,oscillating,mildly_oscillating
single_nq_dev_4643,who wrote the hymn when peace like a river,nq,0,1.0,1.0,0.0,0,8,0.8947368421052632,3,1.2656641604010028,oscillating,mildly_oscillating
single_nq_dev_4653,who was the us president between 1901 in 1909,nq,0,0.8,0.8,0.0,0,16,0.0,0,0.0,flat,stable
single_nq_dev_4660,when did australia change from the imperial to the metric system of measurement,nq,1,0.08695652173913045,0.0,0.08695652173913045,1,1,0.08695652173913045,1,0.1739130434782609,rise_then_fall,stable
single_nq_dev_4663,who printed the first complete edition of the bible,nq,1,0.5,0.0,0.5,1,1,0.5,1,1.0,rise_then_fall,mildly_oscillating
single_nq_dev_4673,what language was the epic of gilgamesh written in originally,nq,3,1.0,0.0,1.0,3,1,1.0,5,3.571428571428571,oscillating,highly_oscillating
single_nq_dev_4675,first earth summit 1992 was held at which country,nq,0,0.0,0.0,0.0,0,16,0.0,0,0.0,flat,stable
single_nq_dev_4689,who does the voice of o'malley in aristocats,nq,0,0.4,0.4,0.0,0,8,0.2461538461538462,1,0.4923076923076924,other,mildly_oscillating
single_nq_dev_47,p diddy nicki minaj hello good morning lyrics,nq,0,0.0,0.0,0.0,0,16,0.0,0,0.0,flat,stable
single_nq_dev_4707,who was the land of canaan named after,nq,1,1.0,0.0,1.0,1,1,1.0,3,3.333333333333333,oscillating,mildly_oscillating
single_nq_dev_4710,who won us open 2017 women 's singles,nq,0,1.0,1.0,0.0,0,12,0.8095238095238095,1,1.619047619047619,other,mildly_oscillating
single_nq_dev_4712,what part did gal gadot play in fast and furious,nq,0,1.0,1.0,0.0,0,1,0.8823529411764706,6,5.080155138978668,oscillating,highly_oscillating
single_nq_dev_4715,where is the honda civic type r made,nq,0,1.0,1.0,0.0,0,1,1.0,0,1.0,fall_then_plateau,mildly_oscillating
single_nq_dev_4741,when was the first horror movie made in america,nq,0,0.0,0.0,0.0,0,16,0.0,0,0.0,flat,stable
single_nq_dev_4744,what sport has the most concussions in the world,nq,10,0.14814814814814817,0.0,0.14814814814814817,10,1,0.14814814814814817,3,0.5072474548925312,oscillating,mildly_oscillating
single_nq_dev_4754,who won the first ever celebrity big brother,nq,0,1.0,1.0,0.0,0,2,1.0,3,3.822222222222222,oscillating,mildly_oscillating
single_nq_dev_4757,when did the unification of bengal took place,nq,0,0.0,0.0,0.0,0,16,0.0,0,0.0,flat,stable
single_nq_dev_4765,how many seasons of chicago pd is there,nq,0,0.0,0.0,0.0,0,16,0.0,0,0.0,flat,stable
single_nq_dev_477,where is ant and dec 's takeaway filmed,nq,0,0.6666666666666666,0.6666666666666666,0.0,0,1,0.6666666666666666,3,1.0296420622691809,oscillating,mildly_oscillating
single_nq_dev_4803,in which year was the maratha confederacy defeated by british,nq,0,1.0,1.0,0.0,0,2,1.0,1,2.0,other,mildly_oscillating
single_nq_dev_4806,what is an animal that has a segmented body,nq,0,0.0,0.0,0.0,0,16,0.0,0,0.0,flat,stable
single_nq_dev_4822,who has the most world series wins in mlb history,nq,0,1.0,1.0,0.0,0,1,0.7142857142857143,4,3.5714285714285716,oscillating,highly_oscillating
single_nq_dev_483,where does the current off-broadway production of avenue q play,nq,0,0.8571428571428571,0.8571428571428571,0.0,0,6,0.45714285714285713,5,2.742857142857143,oscillating,highly_oscillating
single_nq_dev_4833,when did the suite life of zack and cody end,nq,1,1.0,0.5,0.5,1,1,1.0,2,2.5,rise_then_fall,mildly_oscillating
single_nq_dev_4870,when was the decimal currency system started for use in india,nq,2,1.0,0.5,0.5,2,2,0.8823529411764706,7,6.664330647831364,oscillating,highly_oscillating
single_nq_dev_4872,in which city would you find the neighbourhood of oak lawn,nq,1,1.0,0.0,1.0,1,1,1.0,1,2.0,rise_then_fall,mildly_oscillating
single_nq_dev_4908,who won today in the fifa world cup 2018,nq,0,1.0,1.0,0.0,0,1,1.0,6,5.022564102564101,oscillating,highly_oscillating
single_nq_dev_4912,when do primary schools break up for easter,nq,11,0.2222222222222222,0.1090909090909091,0.11313131313131311,11,2,0.2222222222222222,2,0.6000469814423304,rise_then_fall,mildly_oscillating
single_nq_dev_4917,when was the universal declaration of human rights created,nq,0,1.0,1.0,0.0,0,1,0.5714285714285714,3,2.142857142857143,oscillating,mildly_oscillating
single_nq_dev_4942,when did dwayne wade won his first championship,nq,0,1.0,1.0,0.0,0,1,1.0,1,2.0,other,mildly_oscillating
single_nq_dev_4945,when was the last juvenile executed in the us,nq,14,1.0,0.0,1.0,14,2,0.0,0,1.0,rise_then_plateau,mildly_oscillating
single_nq_dev_4946,the ideology known as the open fields doctrine was first enunciated in the case of,nq,1,1.0,0.75,0.25,1,6,0.6,3,2.05,oscillating,mildly_oscillating
single_nq_dev_4948,cognition about ones own cognitive process can be termed as,nq,0,1.0,1.0,0.0,0,4,0.8333333333333333,2,2.5,other,mildly_oscillating
single_nq_dev_4956,who wrote go rest high on that mountain,nq,0,1.0,1.0,0.0,0,16,0.0,0,0.0,flat,stable
single_nq_dev_4966,when did the civil rights movement gain momentum,nq,1,1.0,0.0,1.0,1,8,1.0,1,2.0,rise_then_plateau_then_fall,mildly_oscillating
single_nq_dev_4971,what style of art did van gogh do,nq,0,1.0,1.0,0.0,0,1,1.0,2,3.1884671586244715,other,mildly_oscillating
single_nq_dev_4979,who designed the national museum of african american history and culture,nq,1,0.5454545454545454,0.5,0.045454545454545414,1,15,0.0,0,0.045454545454545414,flat,stable
single_nq_dev_5003,who is voice of belle in beauty and the beast,nq,0,1.0,1.0,0.0,0,14,0.7647058823529411,1,1.5294117647058822,other,mildly_oscillating
single_nq_dev_5022,what episode do barney and robin get together,nq,5,1.0,0.0,1.0,5,3,0.9166666666666666,4,4.666666666666666,oscillating,highly_oscillating
single_nq_dev_5035,when did the ama recognize alcoholism as a disease,nq,0,1.0,1.0,0.0,0,16,0.0,0,0.0,flat,stable
single_nq_dev_5036,who is the statue of standing on the corner in winslow arizona,nq,15,0.09302325581395349,0.0,0.09302325581395349,15,1,0.0,2,0.27080103359173124,rise_then_plateau,mildly_oscillating
single_nq_dev_5040,who is ganesh the god who is celebrated at the ganesh chaturthi festival,nq,11,0.2758620689655173,0.1142857142857143,0.161576354679803,11,1,0.05964585274930104,2,0.4897938938159164,rise_then_fall,mildly_oscillating
single_nq_dev_5042,who played atticus finch in the movie to kill a mockingbird,nq,0,1.0,1.0,0.0,0,4,0.7333333333333333,3,2.8,oscillating,mildly_oscillating
single_nq_dev_5063,when is the movie jurassic world coming out,nq,3,1.0,0.19999999999999998,0.8,3,1,0.8823529411764706,4,3.6915032679738555,oscillating,highly_oscillating
single_nq_dev_507,who played duke in secret life of pets,nq,1,1.0,0.0,1.0,1,14,0.7142857142857143,1,1.7142857142857144,rise_then_plateau_then_fall,mildly_oscillating
single_nq_dev_5118,when did spanish town become jamaica 's capital,nq,0,1.0,1.0,0.0,0,2,1.0,4,4.803571428571429,oscillating,highly_oscillating
single_nq_dev_5129,when did tampa bay go to the superbowl,nq,10,0.15384615384615385,0.0,0.15384615384615385,10,1,0.12644889357218125,6,0.8850435083037164,oscillating,highly_oscillating
single_nq_dev_5133,when was the last time we went to the moo,nq,0,0.0,0.0,0.0,0,16,0.0,0,0.0,flat,stable
single_nq_dev_5136,where are you from if you are persian,nq,0,1.0,1.0,0.0,0,1,0.9393939393939394,0,1.081219130694393,fall_then_plateau,mildly_oscillating
single_nq_dev_5137,names of founding fathers of the united states,nq,0,0.0,0.0,0.0,0,16,0.0,0,0.0,flat,stable
single_nq_dev_5142,who believed that human ability is due to a combination of both nature and nurture,nq,2,0.042553191489361694,0.0,0.042553191489361694,2,14,0.042553191489361694,0,0.08510638297872339,flat,stable
single_nq_dev_5167,when is the new tesla roadster coming out,nq,3,1.0,0.0,1.0,3,1,0.9655172413793104,8,6.415460253066745,oscillating,highly_oscillating
single_nq_dev_5171,who sings how far i 'll go from moana,nq,0,0.5,0.5,0.0,0,2,0.21428571428571425,3,0.857142857142857,oscillating,mildly_oscillating
single_nq_dev_5211,who did mr drummond marry on diff'rent strokes,nq,0,0.6666666666666666,0.6666666666666666,0.0,0,1,0.6666666666666666,1,1.1666666666666667,other,mildly_oscillating
single_nq_dev_5214,million dollar winner who wants to be a millionaire,nq,0,0.0,0.0,0.0,0,16,0.0,0,0.0,flat,stable
single_nq_dev_5226,who did alicia keys win the voice with,nq,7,0.19999999999999998,0.0,0.19999999999999998,7,1,0.19999999999999998,1,0.39999999999999997,rise_then_fall,mildly_oscillating
single_nq_dev_5259,who sang i need your love in ghost,nq,0,0.0,0.0,0.0,0,16,0.0,0,0.0,flat,stable
single_nq_dev_5267,who wrote the lyrics to avicii wake me up,nq,3,1.0,0.5714285714285715,0.4285714285714285,3,1,0.5,6,3.0714285714285716,oscillating,highly_oscillating
single_nq_dev_5286,who set up montana in blood in blood out,nq,0,0.0,0.0,0.0,0,16,0.0,0,0.0,flat,stable
single_nq_dev_5287,when did guardians of the galaxy come out,nq,2,1.0,0.5,0.5,2,1,0.9555555555555556,5,4.744444444444445,oscillating,highly_oscillating
single_nq_dev_5291,what is the scientific name for the fungi kingdom,nq,0,0.0,0.0,0.0,0,16,0.0,0,0.0,flat,stable
single_nq_dev_5293,man of the tournament in 2011 world cup,nq,0,0.6666666666666666,0.6666666666666666,0.0,0,3,0.3137254901960784,5,1.8823529411764706,oscillating,highly_oscillating
single_nq_dev_531,when do you need a medallion signature guarantee,nq,6,0.3076923076923077,0.07142857142857144,0.23626373626373626,6,1,0.2153846153846154,2,0.7359246544609062,rise_then_fall,mildly_oscillating
single_nq_dev_5312,who sings the r&b song look what you made me do,nq,0,1.0,1.0,0.0,0,7,0.7333333333333333,3,2.933333333333333,oscillating,mildly_oscillating
single_nq_dev_5330,when does season 5 of senora acero come out,nq,1,1.0,0.3333333333333333,0.6666666666666667,1,15,0.0,0,0.6666666666666667,rise_then_plateau,mildly_oscillating
single_nq_dev_5332,when did the ipod touch 3 come out,nq,0,0.3333333333333333,0.3333333333333333,0.0,0,1,0.1794871794871795,0,0.1794871794871795,fall_then_plateau,stable
single_nq_dev_537,new york times co v sullivan held that there must be proof of,nq,0,1.0,1.0,0.0,0,1,0.9285714285714286,0,0.9586624319204464,fall_then_plateau,mildly_oscillating
single_nq_dev_5371,who said the shot heard round the world,nq,0,0.8571428571428571,0.8571428571428571,0.0,0,1,0.8571428571428571,1,1.7142857142857142,other,mildly_oscillating
single_nq_dev_5378,who wrote my kinda party by jason aldean,nq,0,1.0,1.0,0.0,0,1,0.5555555555555556,2,1.6666666666666667,other,mildly_oscillating
single_nq_dev_5380,when did bears ears become a national monument,nq,0,1.0,1.0,0.0,0,13,0.7,1,1.4,other,mildly_oscillating
single_nq_dev_5385,which is the largest source of national income in india,nq,2,0.05263157894736842,0.0,0.05263157894736842,2,1,0.05263157894736842,0,0.18218623481781376,fall_then_plateau,stable
single_nq_dev_5386,who plays sara lance in dc legends of tomorrow,nq,0,1.0,1.0,0.0,0,13,0.6666666666666666,1,1.3333333333333333,other,mildly_oscillating
single_nq_dev_5394,who sings the country song time marches on,nq,0,1.0,1.0,0.0,0,8,0.6666666666666666,0,0.6666666666666666,fall_then_plateau,mildly_oscillating
single_nq_dev_5400,where was the first ever hot air ballon created,nq,6,1.0,0.6666666666666666,0.33333333333333337,6,4,0.33333333333333337,7,4.230769230769231,oscillating,highly_oscillating
single_nq_dev_5433,when was poem put on statue of liberty,nq,0,1.0,1.0,0.0,0,3,0.935483870967742,1,1.870967741935484,other,mildly_oscillating
single_nq_dev_5437,who do you play as in pokemon yellow,nq,9,0.05555555555555555,0.0,0.05555555555555555,9,7,0.018518518518518517,0,0.2130653337286963,rise_then_plateau,stable
single_nq_dev_5456,when did the jordan 6 rings come out,nq,1,1.0,0.4,0.6,1,15,0.0,0,0.6,rise_then_plateau,mildly_oscillating
single_nq_dev_5473,who has held the office of chief minister of the longest time,nq,0,0.0,0.0,0.0,0,16,0.0,0,0.0,flat,stable
single_nq_dev_5484,what is the father name in swiss family robinson,nq,1,1.0,0.6666666666666666,0.33333333333333337,1,3,0.8,3,2.066666666666667,oscillating,mildly_oscillating
single_nq_dev_5488,where does the captain sit on a cruise ship,nq,0,1.0,1.0,0.0,0,1,0.9622641509433962,2,1.9097167034885678,other,mildly_oscillating
single_nq_dev_549,at the constitutional convention who did the delegates agree should elect the president,nq,0,1.0,1.0,0.0,0,1,1.0,5,4.024603174603175,oscillating,highly_oscillating
single_nq_dev_550,what cheese is used to make the sicilian dessert cannoli,nq,1,1.0,0.6666666666666666,0.33333333333333337,1,9,0.33333333333333337,2,1.0,rise_then_plateau_then_fall,mildly_oscillating
single_nq_dev_5506,halo wars 2 when does it take place,nq,0,0.6666666666666666,0.6666666666666666,0.0,0,3,0.5333333333333333,3,2.1241379310344826,oscillating,mildly_oscillating
single_nq_dev_5515,when does the new star wars the last jedi come out,nq,2,1.0,0.4615384615384615,0.5384615384615385,2,2,0.5384615384615385,4,2.9147609147609153,oscillating,highly_oscillating
single_nq_dev_5548,the philadelphia building where the declaration of independence was signed,nq,0,1.0,1.0,0.0,0,1,0.8181818181818181,5,2.7625707625707623,oscillating,highly_oscillating
single_nq_dev_5570,who sang this will be an everlasting love,nq,0,1.0,1.0,0.0,0,1,1.0,3,4.0,oscillating,mildly_oscillating
single_nq_dev_5596,where do the boston celtics play home games,nq,0,1.0,1.0,0.0,0,1,0.6363636363636365,5,3.8181818181818192,oscillating,highly_oscillating
single_nq_dev_5615,where does the book because of mr terupt take place,nq,1,0.6666666666666665,0.0,0.6666666666666665,1,4,0.22222222222222204,6,1.9999999999999991,oscillating,highly_oscillating
single_nq_dev_5629,when did shaq get traded to the lakers,nq,1,1.0,0.5,0.5,1,1,0.9649122807017544,6,3.7631578947368425,oscillating,highly_oscillating
single_nq_dev_5631,who won rookie of the year and the cy young award at the same time,nq,0,1.0,1.0,0.0,0,1,1.0,1,2.0,other,mildly_oscillating
single_nq_dev_5635,who did the seahawks play in the super bowl,nq,1,1.0,0.3076923076923077,0.6923076923076923,1,15,0.0,0,0.6923076923076923,rise_then_plateau,mildly_oscillating
single_nq_dev_5642,when was the first cell phone ever made,nq,0,0.0,0.0,0.0,0,16,0.0,0,0.0,flat,stable
single_nq_dev_5662,how long does it take for the milky way to rotate,nq,2,0.12903225806451613,0.0,0.12903225806451613,2,1,0.12903225806451613,3,0.5080645161290323,oscillating,mildly_oscillating
single_nq_dev_5670,when does jurassic world fallen kingdom comes out,nq,0,1.0,1.0,0.0,0,1,0.8181818181818181,4,3.5113636363636362,oscillating,highly_oscillating
single_nq_dev_5676,when does season 4 jane the virgin come out,nq,0,1.0,1.0,0.0,0,16,0.0,0,0.0,flat,stable
single_nq_dev_5682,what are the principles of the baptist church,nq,13,0.16666666666666666,0.07692307692307691,0.08974358974358974,13,1,0.07142857142857141,3,0.5802593303371948,oscillating,mildly_oscillating
single_nq_dev_5683,when did the book wrinkle in time come out,nq,0,1.0,1.0,0.0,0,1,1.0,3,4.0,oscillating,mildly_oscillating
single_nq_dev_569,when did mozart compose his first piece of music,nq,1,0.8571428571428571,0.0,0.8571428571428571,1,15,0.0,0,0.8571428571428571,rise_then_plateau,mildly_oscillating
single_nq_dev_5697,what 's the population of north platte nebraska,nq,1,1.0,0.05882352941176471,0.9411764705882353,1,6,0.8181818181818181,2,2.5775401069518713,rise_then_plateau_then_fall,mildly_oscillating
single_nq_dev_5700,who are the titans going to play in the playoffs,nq,0,0.0,0.0,0.0,0,16,0.0,0,0.0,flat,stable
single_nq_dev_5704,movie about frankie valli and the four seasons,nq,0,1.0,1.0,0.0,0,1,0.9183673469387755,0,1.046348432165213,fall_then_plateau,mildly_oscillating
single_nq_dev_5724,who played marcia brady in the brady bunch tv show,nq,0,0.8,0.8,0.0,0,5,0.4923076923076924,0,0.4923076923076924,fall_then_plateau,mildly_oscillating
single_nq_dev_5774,who plays helena peabody on the l word,nq,4,1.0,0.25,0.75,4,3,0.7142857142857143,2,2.196886446886446,rise_then_plateau_then_fall,mildly_oscillating
single_nq_dev_5776,author of one flew over the cukoos nest,nq,0,1.0,1.0,0.0,0,4,0.6666666666666666,4,3.333333333333333,oscillating,highly_oscillating
single_nq_dev_5824,who won the icc women 's world cup 2017,nq,0,1.0,1.0,0.0,0,1,0.9130434782608695,1,1.826086956521739,other,mildly_oscillating
single_nq_dev_5839,what percentage of china 's labor force deals with agriculture,nq,0,0.0,0.0,0.0,0,16,0.0,0,0.0,flat,stable
single_nq_dev_5845,the last name of the royal family of england,nq,0,1.0,1.0,0.0,0,1,0.9607843137254902,5,5.121568627450981,oscillating,highly_oscillating
single_nq_dev_5848,who did the us help in the korean war,nq,0,1.0,1.0,0.0,0,7,0.9,2,2.7518026565464893,other,mildly_oscillating
single_nq_dev_5853,where is st petersburg florida located in florida,nq,2,1.0,0.33333333333333337,0.6666666666666666,2,1,0.8918918918918919,3,2.5785889785889786,oscillating,mildly_oscillating
single_nq_dev_5869,where does the show bates motel take place,nq,0,1.0,1.0,0.0,0,16,0.0,0,0.0,flat,stable
single_nq_dev_589,who wrote the song it aint my fault,nq,5,0.5714285714285715,0.0,0.5714285714285715,5,9,0.5714285714285715,4,1.8687978687978695,oscillating,highly_oscillating
single_nq_dev_5891,queer eye for the straight guy catch phrase,nq,0,0.0,0.0,0.0,0,16,0.0,0,0.0,flat,stable
single_nq_dev_59,who played mason on wizards of waverly place,nq,0,0.6666666666666666,0.6666666666666666,0.0,0,1,0.6666666666666666,1,0.8424908424908424,other,mildly_oscillating
single_nq_dev_5905,what is dorothy from wizard of oz last name,nq,0,1.0,1.0,0.0,0,8,1.0,3,4.0,oscillating,mildly_oscillating
single_nq_dev_5913,who wrote the song one is the loneliest number,nq,0,1.0,1.0,0.0,0,16,0.0,0,0.0,flat,stable
single_nq_dev_5983,who plays the gingerbread man in shrek the musical,nq,0,0.0,0.0,0.0,0,16,0.0,0,0.0,flat,stable
single_nq_dev_6016,what is apollo the god of in roman mythology,nq,0,0.4,0.4,0.0,0,2,0.26956521739130435,4,0.8460091179770813,oscillating,highly_oscillating
single_nq_dev_6026,harry potter and the philosiphers stone release date,nq,6,1.0,0.0,1.0,6,1,1.0,6,3.642857142857143,oscillating,highly_oscillating
single_nq_dev_6029,what were two major causes of world war 2,nq,4,0.13114754098360656,0.0,0.13114754098360656,4,2,0.13114754098360656,5,0.7868852459016394,oscillating,highly_oscillating
single_nq_dev_603,what kind of animal is timon in the lion king,nq,0,1.0,1.0,0.0,0,1,0.7142857142857143,7,5.714285714285714,oscillating,highly_oscillating
single_nq_dev_6068,who is in charge of the premier league,nq,13,0.4,0.14285714285714288,0.2571428571428571,13,1,0.22608695652173916,6,1.3434164230032781,oscillating,highly_oscillating
single_nq_dev_6080,when did season 8 of the walking dead end,nq,0,1.0,1.0,0.0,0,16,0.0,0,0.0,flat,stable
single_nq_dev_6111,who is the well known photographer of telangana,nq,0,0.0,0.0,0.0,0,16,0.0,0,0.0,flat,stable
single_nq_dev_6144,who played seven of nine on star trek voyager,nq,0,0.8,0.8,0.0,0,13,0.55,1,1.1,other,mildly_oscillating
single_nq_dev_6164,when did the education reform start in america,nq,6,1.0,0.0,1.0,6,2,0.9787234042553191,3,3.940712665460706,oscillating,mildly_oscillating
single_nq_dev_6183,who wrote the devil went down to georgia lyrics,nq,2,1.0,0.8,0.19999999999999996,2,14,0.0,0,0.19999999999999996,rise_then_plateau,stable
single_nq_dev_6184,who played boo in to kill a mocking bird,nq,0,1.0,1.0,0.0,0,10,1.0,2,2.5789473684210527,other,mildly_oscillating
single_nq_dev_6186,the intellectuals of the enlightenment were known by the french term,nq,0,0.30769230769230765,0.30769230769230765,0.0,0,1,0.30769230769230765,6,2.1538461538461537,oscillating,highly_oscillating
single_nq_dev_6193,who advocated for supervising probationers and revoking probation if the accused returned to crime,nq,0,1.0,1.0,0.0,0,1,1.0,0,1.0,fall_then_plateau,mildly_oscillating
single_nq_dev_620,who was the us at war with in ww2,nq,0,0.4,0.4,0.0,0,3,0.3642857142857143,3,1.4452380952380954,oscillating,mildly_oscillating
single_nq_dev_6217,who plays belle 's dad in the new movie,nq,6,0.09523809523809523,0.0,0.09523809523809523,6,4,0.09523809523809523,5,0.5669988925802879,oscillating,highly_oscillating
single_nq_dev_6220,who played mad hatter in once upon a time,nq,0,1.0,1.0,0.0,0,1,1.0,1,2.0,other,mildly_oscillating
single_nq_dev_6231,when is opening day of major league baseball,nq,0,0.046511627906976744,0.046511627906976744,0.0,0,16,0.046511627906976744,0,0.046511627906976744,flat,stable
single_nq_dev_6236,method of separating two liquids in a solution,nq,0,0.0,0.0,0.0,0,16,0.0,0,0.0,flat,stable
single_nq_dev_6242,who came up with the process of natural selection,nq,0,1.0,1.0,0.0,0,1,0.5,2,1.5,other,mildly_oscillating
single_nq_dev_6247,what is the modern day name for the city of constantinople,nq,0,0.0,0.0,0.0,0,16,0.0,0,0.0,flat,stable
single_nq_dev_6259,badrinath is situated on which bank of river,nq,0,1.0,1.0,0.0,0,13,0.33333333333333337,1,0.6666666666666667,other,mildly_oscillating
single_nq_dev_6278,how many planet fitnesses are there in the united states,nq,1,1.0,0.0,1.0,1,12,0.9649122807017544,3,3.8879892037786776,oscillating,mildly_oscillating
single_nq_dev_6284,where is garden of the gods in illinois,nq,0,0.75,0.75,0.0,0,1,0.4423076923076923,4,2.065018315018315,oscillating,highly_oscillating
single_nq_dev_6290,according to the proverb what is the mother of invention,nq,0,1.0,1.0,0.0,0,6,0.7777777777777778,0,0.7777777777777778,fall_then_plateau,mildly_oscillating
single_nq_dev_6292,what kind of breed is toto from wizard of oz,nq,0,1.0,1.0,0.0,0,1,0.9534883720930233,2,2.5557432387356736,other,mildly_oscillating
single_nq_dev_6293,who has the most world series rings as a player,nq,0,1.0,1.0,0.0,0,16,0.0,0,0.0,flat,stable
single_nq_dev_6294,first nobel gas in solar eclipse in india,nq,0,0.03225806451612903,0.03225806451612903,0.0,0,16,0.03225806451612903,0,0.2104845790025206,flat,stable
single_nq_dev_6312,how can we classified the geographical location of liberia,nq,0,0.5714285714285715,0.5714285714285715,0.0,0,1,0.5478991596638656,3,1.0572565960390623,oscillating,mildly_oscillating
single_nq_dev_6313,when was the last time the dream act was introduced,nq,5,1.0,0.0,1.0,5,1,1.0,1,2.0,rise_then_fall,mildly_oscillating
single_nq_dev_634,who sang you got a friend in me from toy story,nq,0,1.0,1.0,0.0,0,16,0.0,0,0.0,flat,stable
single_nq_dev_6346,who is the highest paid nba player in 2016,nq,0,0.0,0.0,0.0,0,16,0.0,0,0.0,flat,stable
single_nq_dev_6347,who determines who the government will be in australia,nq,0,0.0,0.0,0.0,0,16,0.0,0,0.0,flat,stable
single_nq_dev_6360,who has more power in turkey president or prime minister,nq,0,0.0,0.0,0.0,0,16,0.0,0,0.0,flat,stable
single_nq_dev_6364,what is the shape of mandatory traffic signs,nq,0,1.0,1.0,0.0,0,16,0.0,0,0.0,flat,stable
single_nq_dev_6375,when was the last year the ford excursion was made,nq,0,1.0,1.0,0.0,0,16,0.0,0,0.0,flat,stable
single_nq_dev_6396,who was president when france gave us the statue of liberty,nq,0,0.8,0.8,0.0,0,16,0.0,0,0.0,flat,stable
single_nq_dev_6397,who composed marseilles the national anthem of france,nq,0,1.0,1.0,0.0,0,1,0.5238095238095238,5,2.942355889724311,oscillating,highly_oscillating
single_nq_dev_640,who played melissa on two and a half men,nq,0,0.0,0.0,0.0,0,16,0.0,0,0.0,flat,stable
single_nq_dev_6407,who sang i see fire i see rain,nq,0,0.33333333333333337,0.33333333333333337,0.0,0,1,0.33333333333333337,0,0.33333333333333337,fall_then_plateau,mildly_oscillating
single_nq_dev_6421,how does one convert poly-unsaturated fats into saturated fat,nq,4,0.05,0.022727272727272724,0.02727272727272728,4,12,0.05,0,0.21748560212022558,flat,stable
single_nq_dev_6428,when did sendong enter the philippine area of responsibility,nq,0,0.5714285714285715,0.5714285714285715,0.0,0,1,0.5714285714285715,1,1.142857142857143,other,mildly_oscillating
single_nq_dev_643,the credit ratings provided by standard & poor 's moody 's and fitch are intended to indicate,nq,0,0.3333333333333333,0.3333333333333333,0.0,0,1,0.30107526881720426,2,0.553416298489295,other,mildly_oscillating
single_nq_dev_6431,when does the regular football season start for 2017,nq,0,1.0,1.0,0.0,0,1,0.8571428571428571,7,1.9621489621489623,oscillating,highly_oscillating
single_nq_dev_6471,when did brooklyn and bailey start their youtube channel,nq,1,1.0,0.5,0.5,1,15,0.0,0,0.5,rise_then_plateau,mildly_oscillating
single_nq_dev_6476,who won the 2015 great british baking show,nq,0,1.0,1.0,0.0,0,1,1.0,3,3.428571428571429,oscillating,mildly_oscillating
single_nq_dev_6478,who dies in how to train your dragon 2,nq,0,0.6666666666666666,0.6666666666666666,0.0,0,1,0.6666666666666666,3,1.9613915654238232,oscillating,mildly_oscillating
single_nq_dev_6487,when was the federal law providing benefits for the unemployed passed,nq,0,0.0,0.0,0.0,0,16,0.0,0,0.0,flat,stable
single_nq_dev_653,what is the purpose of the sky tower,nq,1,0.28571428571428575,0.0,0.28571428571428575,1,1,0.261904761904762,5,1.2156561984751835,oscillating,highly_oscillating
single_nq_dev_658,what kind of beans are in an english breakfast,nq,0,1.0,1.0,0.0,0,1,0.9574468085106383,7,2.88435758544746,oscillating,highly_oscillating
single_nq_dev_663,who did tom brady back up at michigan,nq,11,1.0,0.0,1.0,11,1,1.0,3,2.2,oscillating,mildly_oscillating
single_nq_dev_706,when does the movie night school come out,nq,0,1.0,1.0,0.0,0,1,1.0,0,1.0,fall_then_plateau,mildly_oscillating
single_nq_dev_731,what is the setting of the story of robin hood,nq,0,0.5714285714285715,0.5714285714285715,0.0,0,1,0.5411255411255412,4,1.9516080625386873,oscillating,highly_oscillating
single_nq_dev_732,what is the latest version of apple mail,nq,0,0.0,0.0,0.0,0,16,0.0,0,0.0,flat,stable
single_nq_dev_74,when was the first time the word catholic was used,nq,0,0.8571428571428571,0.8571428571428571,0.0,0,1,0.8571428571428571,6,2.5628864313487854,oscillating,highly_oscillating
single_nq_dev_76,when did ipad pro 2nd generation come out,nq,3,1.0,0.6666666666666666,0.33333333333333337,3,1,1.0,5,2.7435897435897436,oscillating,highly_oscillating
single_nq_dev_762,how many institutions of higher education in the us,nq,0,0.0,0.0,0.0,0,16,0.0,0,0.0,flat,stable
single_nq_dev_774,who wrote the song the prayer sung by andrea bocelli,nq,0,0.6666666666666666,0.6666666666666666,0.0,0,1,0.20512820512820512,0,0.20512820512820512,fall_then_plateau,stable
single_nq_dev_797,who was the school shooter in sandy hook,nq,3,0.8,0.1904761904761905,0.6095238095238096,3,1,0.5142857142857143,1,1.1457875457875457,rise_then_fall,mildly_oscillating
single_nq_dev_80,who controlled blue cross when it was formed,nq,0,0.0,0.0,0.0,0,16,0.0,0,0.0,flat,stable
single_nq_dev_809,what is the unit of wavelength of light,nq,0,0.0,0.0,0.0,0,16,0.0,0,0.0,flat,stable
single_nq_dev_830,what percentage of the world 's population lives in east asia,nq,3,1.0,0.0,1.0,3,1,0.8,7,6.2,oscillating,highly_oscillating
single_nq_dev_836,how many episodes of stranger things in season 2,nq,1,1.0,0.0,1.0,1,1,1.0,3,4.0,oscillating,mildly_oscillating
single_nq_dev_840,what is the name of son of hanuman,nq,1,1.0,0.25,0.75,1,1,1.0,7,6.083333333333334,oscillating,highly_oscillating
single_nq_dev_842,what mountain range has the highest mountains in all of europe,nq,0,1.0,1.0,0.0,0,1,1.0,10,5.357323232323233,oscillating,highly_oscillating
single_nq_dev_859,where are the headquarters of wizards of the coast,nq,0,1.0,1.0,0.0,0,1,0.33333333333333337,5,2.0000000000000004,oscillating,highly_oscillating
single_nq_dev_863,when was the last full copper penny made,nq,0,0.0,0.0,0.0,0,16,0.0,0,0.0,flat,stable
single_nq_dev_870,who sings the song at least we stole the show,nq,3,1.0,0.0,1.0,3,2,0.33333333333333337,1,1.3333333333333335,rise_then_fall,mildly_oscillating
single_nq_dev_873,who produced cloudy with a chance of meatballs,nq,11,1.0,0.0,1.0,11,1,0.33333333333333337,3,2.0000000000000004,oscillating,mildly_oscillating
single_nq_dev_88,who is the only kaurava who survived the kurukshetra war,nq,0,1.0,1.0,0.0,0,2,1.0,3,2.16,oscillating,mildly_oscillating
single_nq_dev_880,when was the last time an astronaut went to the moon,nq,0,1.0,1.0,0.0,0,1,0.9512195121951219,4,4.540693196405647,oscillating,highly_oscillating
single_nq_dev_894,who is the guy who voiced disney channel,nq,0,0.0,0.0,0.0,0,16,0.0,0,0.0,flat,stable
single_nq_dev_912,when was the lost colony of roanoke founded,nq,0,1.0,1.0,0.0,0,16,0.0,0,0.0,flat,stable
single_nq_dev_923,who has made the longest field goal ever,nq,4,1.0,0.0,1.0,4,4,1.0,1,2.0,rise_then_plateau_then_fall,mildly_oscillating
single_nq_dev_929,who won more games east or west nba,nq,0,0.4,0.4,0.0,0,1,0.4,0,0.4695250365258895,fall_then_plateau,mildly_oscillating
single_nq_dev_938,who sings why is everybody always pickin on me,nq,1,1.0,0.0,1.0,1,6,0.7142857142857143,2,2.428571428571429,rise_then_plateau_then_fall,mildly_oscillating
single_nq_dev_95,who said and down the stretch they come,nq,0,1.0,1.0,0.0,0,1,1.0,0,1.0,fall_then_plateau,mildly_oscillating
single_nq_dev_995,who plays the faun in pan 's labyrinth,nq,0,1.0,1.0,0.0,0,5,1.0,5,4.6060606060606055,oscillating,highly_oscillating
single_trivia_dev_10,What is the correct name of laughing gas?,trivia,0,1.0,1.0,0.0,0,2,0.6363636363636365,5,3.6223776223776234,oscillating,highly_oscillating
single_trivia_dev_1014,What colour is a five Euro banknote?,trivia,0,1.0,1.0,0.0,0,2,1.0,7,6.3999999999999995,oscillating,highly_oscillating
single_trivia_dev_1047,Australia Day is celebrated during which month of the year?,trivia,0,1.0,1.0,0.0,0,16,0.0,0,0.0,flat,stable
single_trivia_dev_1052,Which British darts player is known by the nickname ‘The Heat’?,trivia,0,0.0,0.0,0.0,0,16,0.0,0,0.0,flat,stable
single_trivia_dev_1057,"Television presenter Kirsty, singer Will and former cricketer Bradley all share which surname?",trivia,0,0.0,0.0,0.0,0,16,0.0,0,0.0,flat,stable
single_trivia_dev_1081,On which part of the body would a barrette be worn?,trivia,0,0.0,0.0,0.0,0,16,0.0,0,0.0,flat,stable
single_trivia_dev_1085,Which British golf course is known as ‘The Home of Golf’?,trivia,0,0.8,0.8,0.0,0,1,0.22857142857142854,0,0.22857142857142854,fall_then_plateau,stable
single_trivia_dev_1120,American millionaire Leonard Jerome was the grandfather of which British Prime Minister?,trivia,0,1.0,1.0,0.0,0,16,0.0,0,0.0,flat,stable
single_trivia_dev_1139,The Swiss pastry Carac is traditionally covered with which colour icing?,trivia,0,1.0,1.0,0.0,0,1,0.75,3,3.0,oscillating,mildly_oscillating
single_trivia_dev_1154,Who plays the villainous Soviet agent Irina Spalko in the 2008 film ‘Indiana Jones and the Kingdom of the Crystal Skull’?,trivia,0,1.0,1.0,0.0,0,16,0.0,0,0.0,flat,stable
single_trivia_dev_116,Where was the Rumble in the Ali v Foreman fight in Zaire in 1974?,trivia,0,0.0,0.0,0.0,0,16,0.0,0,0.0,flat,stable
single_trivia_dev_1160,A sculpin is what type of creature?,trivia,0,1.0,1.0,0.0,0,5,0.8571428571428571,3,3.4285714285714284,oscillating,mildly_oscillating
single_trivia_dev_1184,"In medicine, ptosis affects which part of the body?",trivia,0,1.0,1.0,0.0,0,6,0.5,1,1.0,other,mildly_oscillating
single_trivia_dev_1214,"In the 2007 film ‘Sweeney Todd: The Demon Barber of Fleet Street’, was is the first name of Sweeney Todd’s wife?",trivia,0,1.0,1.0,0.0,0,16,0.0,0,0.0,flat,stable
single_trivia_dev_1246,Former professional footballer Neil Ruddock played for which English club from 1986 to 1988?,trivia,0,1.0,1.0,0.0,0,1,1.0,1,2.0,other,mildly_oscillating
single_trivia_dev_1258,Javier Sotomayor set the world record in 1993 for which athletics event?,trivia,0,1.0,1.0,0.0,0,16,0.0,0,0.0,flat,stable
single_trivia_dev_1264,What is the largest artery in the human body?,trivia,0,1.0,1.0,0.0,0,2,0.75,2,2.25,other,mildly_oscillating
single_trivia_dev_1284,What is the name of the ‘Special Agent’ meerkat toy in the UK television commercial for Compare the Market?,trivia,0,0.0,0.0,0.0,0,16,0.0,0,0.0,flat,stable
single_trivia_dev_1293,How many players in each team enter the field at the beginning of a game of the South Asian tag sport Kho Kho?,trivia,1,1.0,0.6666666666666666,0.33333333333333337,1,15,0.0,0,0.33333333333333337,rise_then_plateau,mildly_oscillating
single_trivia_dev_1302,What is the first name of the Parkinson’s cleaner in the UK television series ‘Butterflies’?,trivia,2,1.0,0.0,1.0,2,14,0.0,0,1.0,rise_then_plateau,mildly_oscillating
single_trivia_dev_1308,"On a regular clockface, which number lies opposite 5?",trivia,0,1.0,1.0,0.0,0,15,0.8333333333333333,0,0.8333333333333333,fall_then_plateau,mildly_oscillating
single_trivia_dev_1387,Where did a ‘Javelin’ fail to hit the mark?,trivia,3,0.25,0.15384615384615385,0.09615384615384615,3,1,0.21875,4,0.8222568160926286,oscillating,highly_oscillating
single_trivia_dev_1418,Which US city filed for bankruptcy in July?,trivia,0,1.0,1.0,0.0,0,16,0.0,0,0.0,flat,stable
single_trivia_dev_142,"If you have an active Internet connection, you are said to be on what?",trivia,0,0.0,0.0,0.0,0,16,0.0,0,0.0,flat,stable
single_trivia_dev_1437,‘The Last King of Scotland’ (2006) was set in which country?,trivia,0,1.0,1.0,0.0,0,16,0.0,0,0.0,flat,stable
single_trivia_dev_1440,Torre Pendente is the local name for what world-famous visitor attraction?,trivia,0,1.0,1.0,0.0,0,10,0.6190476190476191,1,1.2380952380952381,other,mildly_oscillating
single_trivia_dev_1452,"Rolo, Aero, Kit Kat, and Roses were all introduced in which decade?",trivia,0,1.0,1.0,0.0,0,16,0.0,0,0.0,flat,stable
single_trivia_dev_147,Which instrument is associated with Lester 'Prez' Young?,trivia,0,0.6666666666666666,0.6666666666666666,0.0,0,11,0.2666666666666666,3,1.0666666666666664,oscillating,mildly_oscillating
single_trivia_dev_1498,In which country does the Zambezi River reach the sea?,trivia,0,1.0,1.0,0.0,0,16,0.0,0,0.0,flat,stable
single_trivia_dev_1504,An island purchased by Isaac Bedlow in 1667 is the site of which US National Monument?,trivia,0,0.7499999999999999,0.7499999999999999,0.0,0,4,0.2499999999999999,0,0.2499999999999999,fall_then_plateau,stable
single_trivia_dev_152,Who replaced Mary Robinson as president of Ireland in 1997?,trivia,0,1.0,1.0,0.0,0,16,0.0,0,0.0,flat,stable
single_trivia_dev_1521,Which N.W. club were thrown out of the FA Cup in 2006 for fielding an ineligible player?,trivia,5,0.6666666666666666,0.0,0.6666666666666666,5,11,0.0,0,0.6666666666666666,rise_then_plateau,mildly_oscillating
single_trivia_dev_1546,"Which 17th century scientist, also Irish-born, was the 14th son of the 1st Earl of Cork?",trivia,0,1.0,1.0,0.0,0,16,0.0,0,0.0,flat,stable
single_trivia_dev_1568,Who announced that his offspring was to be called Eric?,trivia,0,0.5,0.5,0.0,0,1,0.45,0,0.5189655172413794,fall_then_plateau,mildly_oscillating
single_trivia_dev_1586,What is the heraldic word for red?,trivia,0,1.0,1.0,0.0,0,1,0.7142857142857143,6,5.0,oscillating,highly_oscillating
single_trivia_dev_1625,What is the given name of the wife of Conservative leader David Cameron?,trivia,0,1.0,1.0,0.0,0,16,0.0,0,0.0,flat,stable
single_trivia_dev_1629,Who played 'The Fugitive' on TV?,trivia,0,1.0,1.0,0.0,0,9,0.6363636363636365,1,1.272727272727273,other,mildly_oscillating
single_trivia_dev_1642,In which 1944 film does a drama critic learn that his two maiden aunts are serial killers?,trivia,0,1.0,1.0,0.0,0,1,0.8095238095238095,7,1.7745912623961404,oscillating,highly_oscillating
single_trivia_dev_1650,Houdun and Light Sussex are types of which farmyard creature?,trivia,0,0.6666666666666666,0.6666666666666666,0.0,0,16,0.0,0,0.0,flat,stable
single_trivia_dev_1654,What Latin phrase is used for one’s old school or university?,trivia,0,1.0,1.0,0.0,0,1,1.0,3,1.8571428571428568,oscillating,mildly_oscillating
single_trivia_dev_1686,The French word for which colour is jaune?,trivia,0,1.0,1.0,0.0,0,16,0.0,0,0.0,flat,stable
single_trivia_dev_169,Who in 1996 made the longest spaceflight by a woman?,trivia,0,1.0,1.0,0.0,0,1,1.0,0,1.0,fall_then_plateau,mildly_oscillating
single_trivia_dev_1692,Nicholas Cage is the nephew of which Oscar-winning film director?,trivia,0,1.0,1.0,0.0,0,16,0.0,0,0.0,flat,stable
single_trivia_dev_1706,What was the name of the computer that beat Gary Kasparov at chess in 1997?,trivia,0,1.0,1.0,0.0,0,16,0.0,0,0.0,flat,stable
single_trivia_dev_1710,The Peppermint Lounge in New York was the launch pad for which 60’s dance craze?,trivia,0,1.0,1.0,0.0,0,2,0.33333333333333337,3,1.3333333333333335,oscillating,mildly_oscillating
single_trivia_dev_1719,What name is given to jackrabbits (which aren’t actually rabbits!) less than a year old?,trivia,0,1.0,1.0,0.0,0,1,1.0,4,4.571428571428571,oscillating,highly_oscillating
single_trivia_dev_1725,What word describes the property of a metal that allows it to be drawn out into wire?,trivia,0,1.0,1.0,0.0,0,1,0.8888888888888888,5,5.277777777777778,oscillating,highly_oscillating
single_trivia_dev_1732,Alphabetically which is the last element in the periodic table?,trivia,0,1.0,1.0,0.0,0,2,1.0,5,5.555555555555555,oscillating,highly_oscillating
single_trivia_dev_1755,Who wrote The Compleat Angler?,trivia,0,1.0,1.0,0.0,0,16,0.0,0,0.0,flat,stable
single_trivia_dev_178,The First Time Ever I Saw Your Face was featured in which Clint Eastwood film?,trivia,0,1.0,1.0,0.0,0,1,0.6363636363636365,1,1.272727272727273,other,mildly_oscillating
single_trivia_dev_1792,The Egyptian species of which small mammal is also called the ichneumon?,trivia,1,1.0,0.6666666666666666,0.33333333333333337,1,2,0.8947368421052632,3,2.31140350877193,oscillating,mildly_oscillating
single_trivia_dev_1814,Which was the first European country to be led by a president?,trivia,0,1.0,1.0,0.0,0,2,0.96,2,2.985956463644053,other,mildly_oscillating
single_trivia_dev_182,Vehicles from which place use the international registration letter V?,trivia,0,0.0,0.0,0.0,0,16,0.0,0,0.0,flat,stable
single_trivia_dev_1824,Which real-life baseball manager and former player was the central character of the 2011 film Moneyball?,trivia,0,1.0,1.0,0.0,0,16,0.0,0,0.0,flat,stable
single_trivia_dev_1837,Dr Claw is the arch-enemy of which children’s cartoon title character?,trivia,0,1.0,1.0,0.0,0,1,0.6666666666666666,6,4.333333333333333,oscillating,highly_oscillating
single_trivia_dev_184,In which war was cowboy star Tom MIx shot in the mouth?,trivia,2,1.0,0.4,0.6,2,6,0.9574468085106383,7,4.490623263718665,oscillating,highly_oscillating
single_trivia_dev_1859,What is the given name of the daughter born to Katie Holmes and Tom Cruise?,trivia,0,1.0,1.0,0.0,0,16,0.0,0,0.0,flat,stable
single_trivia_dev_1898,Which cathedral is the tallest in the UK with a spire height of 123 metres or 404 feet?,trivia,1,0.6666666666666666,0.0,0.6666666666666666,1,15,0.0,0,0.6666666666666666,rise_then_plateau,mildly_oscillating
single_trivia_dev_1900,"On this day, 31st Janaury, in 2000, who was sentenced to life imprisonment? He was found guilty of murdering 15 people and is suspected of murdering many more.",trivia,0,0.0,0.0,0.0,0,16,0.0,0,0.0,flat,stable
single_trivia_dev_1949,What name did the alchemists give to the hypothetical substance that would convert all base metals into gold?,trivia,0,1.0,1.0,0.0,0,16,0.0,0,0.0,flat,stable
single_trivia_dev_1962,In Japanese homes what is a Shoji ?,trivia,0,0.3529411764705882,0.3529411764705882,0.0,0,1,0.2397336293007769,1,0.4099888005516672,other,mildly_oscillating
single_trivia_dev_1968,"What was the name of the British Army officer who, in 1953, gained recognition as the leader of the successful British expedition to Mount Everest?",trivia,0,0.8,0.8,0.0,0,16,0.0,0,0.0,flat,stable
single_trivia_dev_1976,Which company owns the Waitrose chain of supermarkets?,trivia,0,0.8,0.8,0.0,0,16,0.0,0,0.0,flat,stable
single_trivia_dev_20,In which decade of the 20th century was Lily Tomlin born?,trivia,0,1.0,1.0,0.0,0,16,0.0,0,0.0,flat,stable
single_trivia_dev_2003,What is the name of the National Lottery draw where players pick five numbers from a range of 1 to 39 and one number from a range of 1 to 14?,trivia,0,1.0,1.0,0.0,0,6,0.9285714285714286,4,4.642857142857143,oscillating,highly_oscillating
single_trivia_dev_2038,Vaughan Williams's symphony number 7 has the name of which continent ?,trivia,0,1.0,1.0,0.0,0,6,1.0,5,5.839583696726553,oscillating,highly_oscillating
single_trivia_dev_207,What name is shared by the chairs of the UK House of Commons and the US House of Representatives?,trivia,0,1.0,1.0,0.0,0,16,0.0,0,0.0,flat,stable
single_trivia_dev_2083,Sir Billy Butlin was raised in Canada ; but in which country was he born ?,trivia,1,1.0,0.0,1.0,1,15,0.0,0,1.0,rise_then_plateau,mildly_oscillating
single_trivia_dev_2087,"The novel Notre Dame de Paris, by Victor Hugo, is better known by what title in the English-speaking world ?",trivia,0,1.0,1.0,0.0,0,16,0.0,0,0.0,flat,stable
single_trivia_dev_210,Which human-rights organization campaigns for the release of political prisoners worldwide?|,trivia,0,1.0,1.0,0.0,0,2,0.7142857142857142,1,1.4285714285714284,other,mildly_oscillating
single_trivia_dev_2122,"""""""He's a poor lad"""", was a famous saying of which sports commentator who died in 1986?""",trivia,0,0.0,0.0,0.0,0,16,0.0,0,0.0,flat,stable
single_trivia_dev_2133,"""In the 1933 film She Done Him Wrong, who was the actor to whom Mae West said, """"Why don't you come up sometime and see me""""?""",trivia,0,1.0,1.0,0.0,0,16,0.0,0,0.0,flat,stable
single_trivia_dev_2137,"In 2012 , which town became the first in Essex to be granted city status ?",trivia,0,1.0,1.0,0.0,0,10,0.7647058823529411,3,1.957983193277311,oscillating,mildly_oscillating
single_trivia_dev_2145,In Norse mythology who was the God of Mischief?,trivia,0,1.0,1.0,0.0,0,16,0.0,0,0.0,flat,stable
single_trivia_dev_2154,What is the surname of the four children in the Children’s book The Lion The Witch And The Wardrobe by C S Lewis ?,trivia,0,1.0,1.0,0.0,0,7,1.0,1,2.0,other,mildly_oscillating
single_trivia_dev_2169,The formula pi times radius squared times height gives the volume of which three-dimensional geometric shape ?,trivia,0,1.0,1.0,0.0,0,16,0.0,0,0.0,flat,stable
single_trivia_dev_2187,"First appearing in the Book Of Exodus, what was the name of the sister of Moses who hid the baby Moses by the side of a river to evade Pharaoh's order that all newborn Hebrew boys were to be killed ?",trivia,0,1.0,1.0,0.0,0,10,0.9310344827586207,4,4.4361430395913155,oscillating,highly_oscillating
single_trivia_dev_2208,Which noises did Spanish censors remove from the film Blazing Saddles ?,trivia,0,1.0,1.0,0.0,0,1,1.0,2,1.3636363636363638,other,mildly_oscillating
single_trivia_dev_2210,The spy who became known as Mata Hari was born in which European country in 1876 ?,trivia,0,0.6666666666666666,0.6666666666666666,0.0,0,16,0.0,0,0.0,flat,stable
single_trivia_dev_2211,Who was the first British Labour Prime Minister to serve for a full parliamentary term ?,trivia,1,1.0,0.0,1.0,1,3,1.0,1,2.0,rise_then_plateau_then_fall,mildly_oscillating
single_trivia_dev_2219,"In heraldry, what shape is a lozenge ?",trivia,0,0.0,0.0,0.0,0,16,0.0,0,0.0,flat,stable
single_trivia_dev_2234,What number is a hurricane-force storm on the conventional Beaufort Wind Force Scale?,trivia,0,1.0,1.0,0.0,0,16,0.0,0,0.0,flat,stable
single_trivia_dev_2249,Who is generally considered to have invented the first electric battery cell in 1800?,trivia,0,1.0,1.0,0.0,0,16,0.0,0,0.0,flat,stable
single_trivia_dev_2271,"In the TV series Thunderbirds, what is Parker's first name?",trivia,0,1.0,1.0,0.0,0,16,0.0,0,0.0,flat,stable
single_trivia_dev_2292,"In the UK, who was elected president of the National Union of Mineworkers in 1981?",trivia,0,1.0,1.0,0.0,0,1,1.0,6,5.729411764705882,oscillating,highly_oscillating
single_trivia_dev_2320,What type of insect is a Spanish fly?,trivia,1,1.0,0.6666666666666666,0.33333333333333337,1,5,0.33333333333333337,7,2.6666666666666674,oscillating,highly_oscillating
single_trivia_dev_2323,"What does the cockney rhyming slang, Butcher's, traditionally mean?",trivia,0,1.0,1.0,0.0,0,13,0.9,1,1.8,other,mildly_oscillating
single_trivia_dev_234,Which sea is so highly polluted that the Barcelona Convention was set up in 976 to try and clean it up?,trivia,0,1.0,1.0,0.0,0,16,0.0,0,0.0,flat,stable
single_trivia_dev_2345,What animal normally represents the box of low market share and low market growth in the Boston Matrix (or 'BSG Matrix' or 'Growth-Share Matrix') marketing model?,trivia,0,1.0,1.0,0.0,0,16,0.0,0,0.0,flat,stable
single_trivia_dev_2352,The human disease dropsy involves the accumulation of what in body cavities and tissue?,trivia,0,0.6666666666666666,0.6666666666666666,0.0,0,16,0.0,0,0.0,flat,stable
single_trivia_dev_2371,What is the currency of Brazil?,trivia,0,0.6666666666666666,0.6666666666666666,0.0,0,1,0.22222222222222215,8,1.6111111111111103,oscillating,highly_oscillating
single_trivia_dev_2402,"What religious code refers to 'the three poisons' (or 'unwholesome roots') of ignorance, attachment, aversion, as the roots of all suffering? Islam; Buddhism; Christianity; Hinduism?",trivia,0,1.0,1.0,0.0,0,16,0.0,0,0.0,flat,stable
single_trivia_dev_2407,Greek 'skhizo' and 'skhizein' basically mean what?,trivia,15,0.6666666666666666,0.33333333333333337,0.33333333333333326,15,1,0.0,1,0.6923076923076923,other,mildly_oscillating
single_trivia_dev_2431,"Particularly related to a controversial foodstuff, the bodily intervention device/process called 'gavage' refers to what?",trivia,0,1.0,1.0,0.0,0,1,0.9672131147540983,8,8.674011152766422,oscillating,highly_oscillating
single_trivia_dev_244,What is the term for a fold of the Earth's crust in which the layers of rock dip inwards?,trivia,0,1.0,1.0,0.0,0,1,0.8823529411764706,0,0.8823529411764706,fall_then_plateau,mildly_oscillating
single_trivia_dev_2463,Rheology is the science/study of?,trivia,0,0.28571428571428575,0.28571428571428575,0.0,0,1,0.24571428571428577,0,0.37505240373661425,fall_then_plateau,mildly_oscillating
single_trivia_dev_247,Which planet id named after the sky-god who was father of the Titans?,trivia,0,1.0,1.0,0.0,0,1,1.0,1,2.0,other,mildly_oscillating
single_trivia_dev_2512,The term Phrygian Cap refers to?,trivia,0,0.2,0.2,0.0,0,1,0.17333333333333334,0,0.2625259591136549,fall_then_plateau,stable
single_trivia_dev_2513,On the birth of Prince George of Cambridge in 2013 who was relegated to 6th in line to the British throne?,trivia,2,0.5,0.0,0.5,2,1,0.5,10,4.926956521739131,oscillating,highly_oscillating
single_trivia_dev_2547,The human body's axilla or oxter is more commonly called the Elbow; Armpit; Upper jaw; or Eyelid?,trivia,0,1.0,1.0,0.0,0,16,0.0,0,0.0,flat,stable
single_trivia_dev_26,"""What was the name of the """"girl with kaleidoscope eyes"""" in a Beatles song?""",trivia,0,1.0,1.0,0.0,0,5,0.8947368421052632,2,2.6842105263157894,other,mildly_oscillating
single_trivia_dev_2611,"What's the cube root of 125,000?",trivia,0,1.0,1.0,0.0,0,16,0.0,0,0.0,flat,stable
single_trivia_dev_2627,What weapon is named from the French word meaning scratch or graze?,trivia,0,0.0,0.0,0.0,0,16,0.0,0,0.0,flat,stable
single_trivia_dev_2688,"Published in 2015, Go Set a Watchman, written before her only prior and enduringly popular book of 1960, was written by whom?",trivia,0,1.0,1.0,0.0,0,16,0.0,0,0.0,flat,stable
single_trivia_dev_2694,"From Latin, casein is the main protein in?",trivia,0,0.0,0.0,0.0,0,16,0.0,0,0.0,flat,stable
single_trivia_dev_2697,Roughly how many truck drivers are in India?,trivia,0,0.4,0.4,0.0,0,1,0.4,0,0.4,fall_then_plateau,mildly_oscillating
single_trivia_dev_2703,"Vaquita porpoise 'maw', an illegally trafficked delicacy in Chinese cuisine, priced upwards of $10,000/kilo, is the creature's?",trivia,0,1.0,1.0,0.0,0,16,0.0,0,0.0,flat,stable
single_trivia_dev_2705,"From Latin 'sapo', saponification is a process of producing?",trivia,0,1.0,1.0,0.0,0,16,0.0,0,0.0,flat,stable
single_trivia_dev_2720,In Greek mythology who was Apollo's twin sister?,trivia,0,1.0,1.0,0.0,0,7,0.6,1,1.2,other,mildly_oscillating
single_trivia_dev_2731,Ostler is an old occupational name for someone who looks after?,trivia,0,1.0,1.0,0.0,0,16,0.0,0,0.0,flat,stable
single_trivia_dev_2735,"Dr Seuss (Theodor Seuss Geisel), author of 'The Cat in the Hat' and 'Green Eggs and Ham', is most famous in what literary genre?",trivia,0,0.6666666666666666,0.6666666666666666,0.0,0,16,0.0,0,0.0,flat,stable
single_trivia_dev_2738,"Within body language, a person's surrounding space, and positioning with objects/others are?",trivia,0,0.0,0.0,0.0,0,16,0.0,0,0.0,flat,stable
single_trivia_dev_2739,When a person tilts his/her head to one side this generally indicates?,trivia,0,0.0,0.0,0.0,0,16,0.0,0,0.0,flat,stable
single_trivia_dev_2743,In which body of water are the Balearic Islands?,trivia,0,1.0,1.0,0.0,0,1,0.5,0,0.5,fall_then_plateau,mildly_oscillating
single_trivia_dev_2780,American DJ Robert Weston Smith was better known by what stage name?,trivia,0,1.0,1.0,0.0,0,1,1.0,3,2.1691176470588234,oscillating,mildly_oscillating
single_trivia_dev_2784,The Copacabana nightclub was in which city?,trivia,0,0.8,0.8,0.0,0,16,0.0,0,0.0,flat,stable
single_trivia_dev_2787,What was the original use of the building which now houses the Tate Modern art museum in London?,trivia,0,1.0,1.0,0.0,0,2,0.19999999999999996,7,1.5999999999999996,oscillating,highly_oscillating
single_trivia_dev_2791,In which year was the United Nations founded?,trivia,0,1.0,1.0,0.0,0,9,0.7142857142857143,1,1.4285714285714286,other,mildly_oscillating
single_trivia_dev_2792,What did Colonel Thomas Blood attempt to steal in 1671?,trivia,3,1.0,0.6666666666666666,0.33333333333333337,3,2,0.33333333333333337,1,0.6666666666666667,rise_then_fall,mildly_oscillating
single_trivia_dev_2803,In 2008 billionaire financier Carl Icahn joined the board of what large internet corporation in a deal which saw him cease his fight to oust its leaders?,trivia,0,1.0,1.0,0.0,0,16,0.0,0,0.0,flat,stable
single_trivia_dev_2814,In which city was Martin Luther King assassinated in 1968?,trivia,0,1.0,1.0,0.0,0,16,0.0,0,0.0,flat,stable
single_trivia_dev_2831,The Ashmolean Museum is in which British city?,trivia,0,1.0,1.0,0.0,0,16,0.0,0,0.0,flat,stable
single_trivia_dev_2835,"What was the name of the first US satellite, launched 31 Jan 1958?",trivia,0,1.0,1.0,0.0,0,1,0.7333333333333333,5,4.3238095238095235,oscillating,highly_oscillating
single_trivia_dev_2837,Who illustrated Lewis Carroll's Alice's Adventures in Wonderland and Through the Looking Glass?,trivia,0,1.0,1.0,0.0,0,6,0.9285714285714286,1,1.8571428571428572,other,mildly_oscillating
single_trivia_dev_2841,Who starred as Trampas the 1960-70s TV series The Virginian?,trivia,0,1.0,1.0,0.0,0,16,0.0,0,0.0,flat,stable
single_trivia_dev_2905,What word for a waterway refers to the distribution route by which a product or service reaches its customers?,trivia,0,1.0,1.0,0.0,0,2,0.8947368421052632,1,1.7894736842105263,other,mildly_oscillating
single_trivia_dev_2907,What was Jodie Foster's character in the 1991 film Silence of the Lambs?,trivia,0,1.0,1.0,0.0,0,16,0.0,0,0.0,flat,stable
single_trivia_dev_2932,Chladni patterns are formed when a surface covered in what is made to vibrate?,trivia,1,1.0,0.0,1.0,1,4,1.0,1,2.0,rise_then_plateau_then_fall,mildly_oscillating
single_trivia_dev_2938,What colour is the mineral rock malachite?,trivia,0,1.0,1.0,0.0,0,10,0.6666666666666666,1,1.3333333333333333,other,mildly_oscillating
single_trivia_dev_2953,Which one of these planets was not represented in the musical work by Gustav Holst called The Planets?,trivia,0,1.0,1.0,0.0,0,1,1.0,3,4.0,oscillating,mildly_oscillating
single_trivia_dev_2963,"In ballet, what is the name for a dance duet in which ballet steps are performed together?",trivia,0,1.0,1.0,0.0,0,7,0.6842105263157895,2,2.0526315789473686,other,mildly_oscillating
single_trivia_dev_2973,"Time On Our Hands, which held the record for the highest UK audience for a sitcom episode from 1996 for over ten years, is from which TV series?",trivia,1,1.0,0.22222222222222224,0.7777777777777778,1,10,0.5,4,2.7777777777777777,oscillating,highly_oscillating
single_trivia_dev_2983,What was the occupation of Vaslav Nijinsky from 1908?,trivia,0,0.8571428571428571,0.8571428571428571,0.0,0,16,0.0,0,0.0,flat,stable
single_trivia_dev_2988,Which film ended with the two main characters driving a car off a cliff?,trivia,0,1.0,1.0,0.0,0,1,1.0,0,1.0,fall_then_plateau,mildly_oscillating
single_trivia_dev_2990,What is an apparatus consisting of a frame containing a number of parallel wires on which there are rows of beads which can be moved left and right?,trivia,0,1.0,1.0,0.0,0,1,0.9285714285714286,2,2.7830687830687832,other,mildly_oscillating
single_trivia_dev_2991,"How long was the Hundred Years War, fought between England and France in the 14th and 15th centuries?",trivia,0,1.0,1.0,0.0,0,16,0.0,0,0.0,flat,stable
single_trivia_dev_3005,"Which country, the capital of which is Monrovia, was founded by the American Colonisation Society in 1820 as a home for freed slaves?",trivia,0,1.0,1.0,0.0,0,16,0.0,0,0.0,flat,stable
single_trivia_dev_3022,"Which card game involves 2 teams of 2 players aiming to reach 7 points, with each trick taken above 6 counting as 1 point, using 52 cards, all dealt except the last, which is turned up as trumps?",trivia,12,0.09302325581395349,0.0,0.09302325581395349,12,1,0.09302325581395349,1,0.18604651162790697,rise_then_fall,stable
single_trivia_dev_3048,"At the end of The War of 1812, the USA held Canadian territory near Detroit, and the British held parts of which Eastern state?",trivia,0,1.0,1.0,0.0,0,1,1.0,1,2.0,other,mildly_oscillating
single_trivia_dev_3066,At which racecourse would you find Beecher's Brook and Canal Turn?,trivia,0,0.6666666666666666,0.6666666666666666,0.0,0,16,0.0,0,0.0,flat,stable
single_trivia_dev_3129,The Scrabble game board is marked with what sized grid?,trivia,0,0.0,0.0,0.0,0,16,0.0,0,0.0,flat,stable
single_trivia_dev_319,"Who became the first Irish woman to set a world record in a track event when she recorded a record time in the 5,000 metres in 1991?",trivia,0,1.0,1.0,0.0,0,1,0.84,2,2.52,other,mildly_oscillating
single_trivia_dev_3205,"""From which sport do we get the expression """"step up to the plate""""?""",trivia,0,1.0,1.0,0.0,0,16,0.0,0,0.0,flat,stable
single_trivia_dev_3208,"Io, Europa, Ganymede and Callisto are the moons of which planet?",trivia,0,1.0,1.0,0.0,0,16,0.0,0,0.0,flat,stable
single_trivia_dev_3230,"What is the name given to copper bars arranged in a cylinder, insulated from each other which rotates to connect each section of the armature in turn (in a motor) or to the external current (in a dynamo)?",trivia,0,1.0,1.0,0.0,0,1,1.0,2,2.9411764705882355,other,mildly_oscillating
single_trivia_dev_3233,"""From 1985 onwards, Mikhail Gorbachev introduced the policies of """"glasnost"""" and """"perestroika"""" in an attempt to modernise the country. What do these two words mean?""",trivia,0,0.6,0.6,0.0,0,2,0.4636363636363636,2,1.4029484029484025,other,mildly_oscillating
single_trivia_dev_3242,In which year was the longest Tour de France held?,trivia,0,1.0,1.0,0.0,0,1,1.0,1,2.0,other,mildly_oscillating
single_trivia_dev_3272,"What is a tabular display of the chemical elements, the invention of which is generally credited to Russian chemist Dmitri Mendeleev in 1869, who intended the table to illustrate recurring trends in the properties of the elements?",trivia,0,1.0,1.0,0.0,0,16,0.0,0,0.0,flat,stable
single_trivia_dev_3276,What is the term for playing a piece of music in a key other that in which it is written?,trivia,0,1.0,1.0,0.0,0,1,1.0,2,2.9,other,mildly_oscillating
single_trivia_dev_3303,"The Equitable Life Assurance Building in New York City, built in 1870, and 130 feet (40 m) high, was the first office building to be equipped with what?",trivia,1,1.0,0.5,0.5,1,15,0.0,0,0.5,rise_then_plateau,mildly_oscillating
single_trivia_dev_3355,The national holiday celebrated in the USA on 4 July each year is to commemorate events surrounding which war?,trivia,0,1.0,1.0,0.0,0,5,0.19999999999999996,0,0.19999999999999996,fall_then_plateau,stable
single_trivia_dev_3371,George H Bush became widely known for not liking what food item?,trivia,0,1.0,1.0,0.0,0,16,0.0,0,0.0,flat,stable
single_trivia_dev_3374,Ochlophobia is a fear of what?,trivia,0,1.0,1.0,0.0,0,16,0.0,0,0.0,flat,stable
single_trivia_dev_3380,What is the name for the lump in a human throat?,trivia,0,1.0,1.0,0.0,0,1,1.0,0,1.0,fall_then_plateau,mildly_oscillating
single_trivia_dev_3388,"What rating system for talk shows, defined as the ratio of interrupted sentences versus all sentences within a typical program, expressed as a percentage, was invented by author Stephen Euin Cobb?",trivia,0,0.0,0.0,0.0,0,16,0.0,0,0.0,flat,stable
single_trivia_dev_3430,What was tuberculosis previously known as?,trivia,0,1.0,1.0,0.0,0,1,0.8888888888888888,1,1.7777777777777777,other,mildly_oscillating
single_trivia_dev_3463,"""What, in ancient Rome, was a """"sudatorium""""?""",trivia,0,0.28571428571428575,0.28571428571428575,0.0,0,1,0.28571428571428575,1,0.4839075660352256,other,mildly_oscillating
single_trivia_dev_3469,What holds the records as the world's longest-running science fiction television show?,trivia,0,1.0,1.0,0.0,0,14,0.6363636363636365,1,1.272727272727273,other,mildly_oscillating
single_trivia_dev_3493,Donna Summer was popular in what genre of music?,trivia,0,1.0,1.0,0.0,0,16,0.0,0,0.0,flat,stable
single_trivia_dev_3501,"""Which video game puts the player in the role of """"the Stranger"""", uses special books written by an artisan and explorer named Atrus to travel to several worlds known as """"Ages""""?""",trivia,0,1.0,1.0,0.0,0,1,1.0,1,2.0,other,mildly_oscillating
single_trivia_dev_3510,"""Who would be interested in a """"miller's thumb""""?""",trivia,0,0.5,0.5,0.0,0,1,0.5,0,0.5,fall_then_plateau,mildly_oscillating
single_trivia_dev_3518,"What item of sporting equipment usually has three holes drilled in it, although the rules allow for up to five?",trivia,0,0.8,0.8,0.0,0,9,0.64,1,1.28,other,mildly_oscillating
single_trivia_dev_3546,The St Bernard Pass connects Switzerland to what other country?,trivia,0,1.0,1.0,0.0,0,16,0.0,0,0.0,flat,stable
single_trivia_dev_3576,David Leadbetter and Butch Harmon are coaches in which sport?,trivia,0,1.0,1.0,0.0,0,16,0.0,0,0.0,flat,stable
single_trivia_dev_3602,"""According to a report by the organisation called """"Transparency International"""", what was the most corrupt country in the world in 2009?""",trivia,0,1.0,1.0,0.0,0,1,1.0,0,1.0,fall_then_plateau,mildly_oscillating
single_trivia_dev_3607,"""What was the cause of the sinking of the """"Lusitania"""" in May 1915 and the subsequent deaths of 1,198 people?""",trivia,4,0.4444444444444444,0.0,0.4444444444444444,4,1,0.40808080808080804,4,1.4437671647349064,oscillating,highly_oscillating
single_trivia_dev_3643,How is the starting position of Legan chess different from the starting position of standard chess?,trivia,0,0.33333333333333326,0.33333333333333326,0.0,0,1,0.33333333333333326,0,0.5054751765583367,fall_then_plateau,mildly_oscillating
single_trivia_dev_3648,"""The modern British period of history called """"The Winter of Discontent"""" began when?""",trivia,0,1.0,1.0,0.0,0,3,1.0,6,7.0,oscillating,highly_oscillating
single_trivia_dev_3650,"Before she was a Member of Parliament, what was Margaret Thatcher's occupation?",trivia,0,0.0,0.0,0.0,0,16,0.0,0,0.0,flat,stable
single_trivia_dev_3657,"What island, 1 mile from Manhattan, which has been used by the army as an isolation centre for infectious diseases (such as typhoid and TB) and as a drug rehabiltation centre, is now deserted?",trivia,0,1.0,1.0,0.0,0,1,0.9411764705882353,8,6.8003212104992325,oscillating,highly_oscillating
single_trivia_dev_3659,"""Sliced bread, advertised as """"the greatest forward step in the baking industry since bread was wrapped"""", was first sold when?""",trivia,1,1.0,0.5,0.5,1,2,0.5,5,3.0,oscillating,highly_oscillating
single_trivia_dev_3663,"Which BBC TV programme of 4 series featured Rowan Atkinson, Pamela Stephenson, Mel Smith and Griff Rhys Jones, with Chris Langham in the first series?",trivia,0,1.0,1.0,0.0,0,16,0.0,0,0.0,flat,stable
single_trivia_dev_3672,"When the Olympics was resurrected in modern times, with a Summer Olympics in 1896, where were the games held?",trivia,0,1.0,1.0,0.0,0,16,0.0,0,0.0,flat,stable
single_trivia_dev_3675,What ocean borders the US state of California?,trivia,0,1.0,1.0,0.0,0,16,0.0,0,0.0,flat,stable
single_trivia_dev_3677,What is the best known work by German composer Carl Orff?,trivia,0,1.0,1.0,0.0,0,2,0.75,4,3.6179487179487175,oscillating,highly_oscillating
single_trivia_dev_3686,"Roland Berrill, an Australian barrister, and Dr. Lancelot Ware, a British scientist and lawyer, founded which international organsation in the UK in 1946?",trivia,0,1.0,1.0,0.0,0,16,0.0,0,0.0,flat,stable
single_trivia_dev_3697,The Vandals sacked which city in 445 AD?,trivia,1,1.0,0.0,1.0,1,2,0.96,4,3.92,oscillating,highly_oscillating
single_trivia_dev_3738,"What branch of medicine deals with the cause, origin and nature of disease?",trivia,0,1.0,1.0,0.0,0,1,1.0,0,1.0,fall_then_plateau,mildly_oscillating
single_trivia_dev_3741,"Temujin (1162-1227), who made his capital in Karakorum was better known as who?",trivia,0,1.0,1.0,0.0,0,16,0.0,0,0.0,flat,stable
single_trivia_dev_3780,Queen Rania is queen in which country?,trivia,0,1.0,1.0,0.0,0,16,0.0,0,0.0,flat,stable
single_trivia_dev_3781,"What is the name of the engraved stone, discovered in 1799, that provided a key to deciphering the languages of ancient Egypt?",trivia,0,1.0,1.0,0.0,0,7,0.7272727272727273,3,2.909090909090909,oscillating,mildly_oscillating
single_trivia_dev_3793,"""The German bandwurm word """"rindfleischetikettierungsuberwachungsaufgabenubertragungsgesetz"""" became famous in early June 2013 for what reason?""",trivia,11,0.5714285714285714,0.4761904761904762,0.09523809523809518,11,1,0.48447204968944096,5,2.0925403393645197,oscillating,highly_oscillating
single_trivia_dev_3795,"Sometimes thought of as the Stone of the Hebrew Old Testament Jacob, also known as Jacob's Pillow, the Stone of Destiny, and, most usually, as the Stone of Scone what has it been used for?",trivia,0,0.4,0.4,0.0,0,2,0.10000000000000003,5,0.6000000000000003,oscillating,highly_oscillating
single_trivia_dev_3808,What is the name of the airport at Salzburg?,trivia,0,0.7499999999999999,0.7499999999999999,0.0,0,1,0.2884615384615384,0,0.2884615384615384,fall_then_plateau,stable
single_trivia_dev_3843,"According to Christian tradition, which angel will blow his trumpet on judgement day?",trivia,0,1.0,1.0,0.0,0,16,0.0,0,0.0,flat,stable
single_trivia_dev_3846,"""Who plays Gabrielle Solis in the US TV series """"Desperate Housewives""""?""",trivia,0,1.0,1.0,0.0,0,16,0.0,0,0.0,flat,stable
single_trivia_dev_386,"What was Will Smith's character's name in ""Men in Black""?",trivia,0,1.0,1.0,0.0,0,4,0.6923076923076923,1,1.3846153846153846,other,mildly_oscillating
single_trivia_dev_3862,In which city's opera house does The Phantom lurk?,trivia,0,1.0,1.0,0.0,0,16,0.0,0,0.0,flat,stable
single_trivia_dev_3888,The Dutch painter Hieronymus Bosch painted his works in which centuries AD?,trivia,7,0.7499999999999999,0.6666666666666666,0.08333333333333326,7,1,0.08333333333333326,4,0.6515151515151514,oscillating,highly_oscillating
single_trivia_dev_3937,"The main ingredients of advocaat (or advokat), a rich and creamy liqueur with a smooth, custard-like flavour, are sugar, brandy and what else?",trivia,1,1.0,0.6666666666666666,0.33333333333333337,1,15,0.0,0,0.33333333333333337,rise_then_plateau,mildly_oscillating
single_trivia_dev_3997,What professional sport is Arthur Ashe known in?,trivia,0,1.0,1.0,0.0,0,16,0.0,0,0.0,flat,stable
single_trivia_dev_3998,"The mathematician, al-Khwarizmi, in the royal court of Baghdad in the 9th century CE gave his name to what procedure or formula for solving a problem?",trivia,0,0.0,0.0,0.0,0,16,0.0,0,0.0,flat,stable
single_trivia_dev_4015,"""Who had the lead roles in the TV series """"Callan"""" and """"The Equaliser""""?""",trivia,0,1.0,1.0,0.0,0,16,0.0,0,0.0,flat,stable
single_trivia_dev_4031,Prominent UK philanthropist Dr Naim Dangoor CBE set up and heads which charitable foundation?,trivia,3,1.0,0.4,0.6,3,13,0.0,1,1.15,rise_then_plateau,mildly_oscillating
single_trivia_dev_4040,"""Which US president was re-elected with the slogan """"Don't change horses in mid-stream""""?""",trivia,0,1.0,1.0,0.0,0,16,0.0,0,0.0,flat,stable
single_trivia_dev_4063,"If clergy, using the old Roman names, were travelling in the 11th century from Hibernia to Caledonia where, in present terms, would they be travelling from to?",trivia,0,1.0,1.0,0.0,0,3,0.85,3,1.8428571428571427,oscillating,mildly_oscillating
single_trivia_dev_4067,Where is Iraq's main port?,trivia,0,1.0,1.0,0.0,0,3,1.0,1,1.5,other,mildly_oscillating
single_trivia_dev_408,Where in the human body is the only bone that is not attached to any other bone?,trivia,11,0.11764705882352941,0.0,0.11764705882352941,11,3,0.11764705882352941,1,0.23529411764705882,rise_then_plateau_then_fall,stable
single_trivia_dev_4085,"What group of women wore short skirts, had bobbed hair, drank booze, and listened to jazz?",trivia,0,1.0,1.0,0.0,0,16,0.0,0,0.0,flat,stable
single_trivia_dev_4086,"""Who composed """"Rhapsody in Blue""""?""",trivia,0,1.0,1.0,0.0,0,16,0.0,0,0.0,flat,stable
single_trivia_dev_4099,In what country did the Solidarity movement happen?,trivia,0,1.0,1.0,0.0,0,1,1.0,1,2.0,other,mildly_oscillating
single_trivia_dev_4109,"""In which mobile app do you """"swipe"""" the screen to assess potential love interests?""",trivia,0,1.0,1.0,0.0,0,1,1.0,1,2.0,other,mildly_oscillating
single_trivia_dev_4113,"""What weapon is used in Tchaikovsky's """"1812 Overture""""?""",trivia,4,1.0,0.6666666666666666,0.33333333333333337,4,2,0.9259259259259259,4,2.851851851851852,oscillating,highly_oscillating
single_trivia_dev_412,What are the four vocal ranges for members of a choir?,trivia,0,1.0,1.0,0.0,0,1,0.6,4,2.343790849673203,oscillating,highly_oscillating
single_trivia_dev_4134,What product do Trappist monks in Belgium and the Netherlands famously sell?,trivia,0,1.0,1.0,0.0,0,1,0.6,0,0.6,fall_then_plateau,mildly_oscillating
single_trivia_dev_4139,What must you do to a burrito to make it into a chimichanga?,trivia,0,1.0,1.0,0.0,0,16,0.0,0,0.0,flat,stable
single_trivia_dev_4144,"""What oft-ridiculed movie director has defended his work by saying """"I make movies for teenage boys. Oh, dear, what a crime""""?""",trivia,0,1.0,1.0,0.0,0,16,0.0,0,0.0,flat,stable
single_trivia_dev_4158,"What city's mayor, Rob Ford, admitted to smoking crack while in a drunken stupor?",trivia,0,1.0,1.0,0.0,0,16,0.0,0,0.0,flat,stable
single_trivia_dev_4163,What comes next after eins and zwei?,trivia,0,1.0,1.0,0.0,0,16,0.0,0,0.0,flat,stable
single_trivia_dev_4177,During which Catholic service would one receive a wafer?,trivia,0,1.0,1.0,0.0,0,2,1.0,1,1.6666666666666665,other,mildly_oscillating
single_trivia_dev_4193,"Who was born on the island of Corsica, exiled to the island of Elba, and died on the island of St. Helena?",trivia,0,1.0,1.0,0.0,0,3,0.84,3,3.36,oscillating,mildly_oscillating
single_trivia_dev_4217,Who requested sharks with frickin' laser beams?,trivia,0,1.0,1.0,0.0,0,16,0.0,0,0.0,flat,stable
single_trivia_dev_4266,"From where can you check out anytime you like, but never leave?",trivia,0,1.0,1.0,0.0,0,16,0.0,0,0.0,flat,stable
single_trivia_dev_4270,What's another name for D sharp?,trivia,0,1.0,1.0,0.0,0,16,0.0,0,0.0,flat,stable
single_trivia_dev_4279,"""What director created the popular 1980's films """"The Breakfast Club"""", """"Sixteen Candles"""", and """"Ferris Bueller's Day Off""""?""",trivia,0,1.0,1.0,0.0,0,16,0.0,0,0.0,flat,stable
single_trivia_dev_4283,Who is the mayor of McDonaldland?,trivia,0,1.0,1.0,0.0,0,5,0.5,4,2.5,oscillating,highly_oscillating
single_trivia_dev_4290,What was the name of Geppetto's puppet who came to life?,trivia,0,1.0,1.0,0.0,0,16,0.0,0,0.0,flat,stable
single_trivia_dev_4408,What happened to both Patty Hearst and Charles Lindbergh Jr.?,trivia,0,0.6666666666666666,0.6666666666666666,0.0,0,16,0.0,0,0.0,flat,stable
single_trivia_dev_4412,What was the wrestling nickname of former Minnesota governor Jesse Ventura?,trivia,0,1.0,1.0,0.0,0,2,0.5,2,1.5,other,mildly_oscillating
single_trivia_dev_4433,"""Which actor, star of the 1950 film, """"Sunset Boulevard"""", died after a fall at his home in Santa Monica in 1981?""",trivia,0,1.0,1.0,0.0,0,5,0.7692307692307692,5,4.615384615384615,oscillating,highly_oscillating
single_trivia_dev_4463,Melissa Joan Hart plays which TV character (the same as the Roman name for the River Severn)?,trivia,0,1.0,1.0,0.0,0,16,0.0,0,0.0,flat,stable
single_trivia_dev_4472,"At which narrow pass did Leonidas and 300 Spartans fight to the death, in order to slow down the Persian army?",trivia,0,1.0,1.0,0.0,0,16,0.0,0,0.0,flat,stable
single_trivia_dev_4486,"""Which stage musical features the songs """"Easy Terms"""", and """"Tell Me It's Not True""""?""",trivia,0,1.0,1.0,0.0,0,4,0.7,4,3.5,oscillating,highly_oscillating
single_trivia_dev_4496,Which flowers name translates from the Greek for Water Vessel or Water Carrier?,trivia,0,1.0,1.0,0.0,0,4,1.0,2,1.164446136277122,other,mildly_oscillating
single_trivia_dev_4541,Give a year in the life of painter John Constable.,trivia,14,0.11764705882352941,0.0,0.11764705882352941,14,2,0.006535947712418305,2,0.3464052287581699,rise_then_plateau,mildly_oscillating
single_trivia_dev_4562,"General Manuel Noriega, was overthrown in 1989, as leader of which Central American country?",trivia,0,1.0,1.0,0.0,0,16,0.0,0,0.0,flat,stable
single_trivia_dev_4599,It is illegal in England to eat what on Christmas Day?,trivia,0,1.0,1.0,0.0,0,1,0.967741935483871,4,1.29587818592643,oscillating,highly_oscillating
single_trivia_dev_4624,Which elite car company manufacture the Carrera GT model of car?,trivia,0,1.0,1.0,0.0,0,16,0.0,0,0.0,flat,stable
single_trivia_dev_4634,What would the main interest of a philumenist be?,trivia,0,0.0,0.0,0.0,0,16,0.0,0,0.0,flat,stable
single_trivia_dev_4640,Which SS commander died as a result of an assassination attempt in Prague in 1942?,trivia,3,1.0,0.0,1.0,3,13,0.0,0,1.074074074074074,rise_then_plateau,mildly_oscillating
single_trivia_dev_4669,Which British actress was married to the actor Rod Steiger from 1959 until 1969?,trivia,0,1.0,1.0,0.0,0,16,0.0,0,0.0,flat,stable
single_trivia_dev_467,Which real life law enforcer did Henry Fonda play in the film My Darling Clementine?,trivia,0,1.0,1.0,0.0,0,16,0.0,0,0.0,flat,stable
single_trivia_dev_4683,The city of Split lies on the coast of which country?,trivia,0,1.0,1.0,0.0,0,16,0.0,0,0.0,flat,stable
single_trivia_dev_4699,What is the name for the study of hormones?,trivia,0,1.0,1.0,0.0,0,1,0.6,4,2.9111111111111114,oscillating,highly_oscillating
single_trivia_dev_470,Gordon Sumner is better known as whom?,trivia,0,1.0,1.0,0.0,0,16,0.0,0,0.0,flat,stable
single_trivia_dev_4738,"""""""The course of true love never did run smooth"""" is a quotation from which Shakespeare play?""",trivia,0,1.0,1.0,0.0,0,13,0.6842105263157895,1,1.368421052631579,other,mildly_oscillating
single_trivia_dev_4755,In which US city is MacArthur Park?,trivia,0,1.0,1.0,0.0,0,16,0.0,0,0.0,flat,stable
single_trivia_dev_4772,"Which building stands at 350, Fifth Avenue, New York?",trivia,0,0.8,0.8,0.0,0,1,0.8,5,2.2580645161290325,oscillating,highly_oscillating
single_trivia_dev_4773,In which Shakespeare play does Sir Lancelot Gobbo appear?,trivia,0,1.0,1.0,0.0,0,7,0.5714285714285714,1,1.1428571428571428,other,mildly_oscillating
single_trivia_dev_4777,"In science, what is the S.I unit of energy?",trivia,0,1.0,1.0,0.0,0,2,0.3846153846153847,5,2.307692307692308,oscillating,highly_oscillating
single_trivia_dev_4801,Machu Picchu is a famous ruin in which South American county?,trivia,0,1.0,1.0,0.0,0,16,0.0,0,0.0,flat,stable
single_trivia_dev_4803,All My Sons (1947) and The Misfits (1961) are both plays written by whom?,trivia,0,1.0,1.0,0.0,0,16,0.0,0,0.0,flat,stable
single_trivia_dev_481,James Arness played Marshall Matt Dillon in Gunsmoke. Who was his actor brother.,trivia,0,1.0,1.0,0.0,0,16,0.0,0,0.0,flat,stable
single_trivia_dev_4825,Name one of the two London Underground stations connected by the longest continuous tunnel of the system (17.5 miles)?,trivia,0,0.0,0.0,0.0,0,16,0.0,0,0.0,flat,stable
single_trivia_dev_485,Which fruit goes into the liqueur Kirsch?,trivia,0,1.0,1.0,0.0,0,11,0.33333333333333337,1,0.6666666666666667,other,mildly_oscillating
single_trivia_dev_4850,Which novelist created the characters of Dalziel and Pascoe?,trivia,0,1.0,1.0,0.0,0,16,0.0,0,0.0,flat,stable
single_trivia_dev_4864,In which month is Martin Luther King Day celebrated in the USA?,trivia,0,1.0,1.0,0.0,0,16,0.0,0,0.0,flat,stable
single_trivia_dev_4872,Which British city has cathedrals dedicated to St Philip and St Chad?,trivia,0,1.0,1.0,0.0,0,16,0.0,0,0.0,flat,stable
single_trivia_dev_4892,What is the collective noun for geese in flight?,trivia,0,1.0,1.0,0.0,0,1,0.7777777777777778,6,5.444444444444445,oscillating,highly_oscillating
single_trivia_dev_4895,Who was the president of the USA at the time of the Wall Street Crash?,trivia,0,1.0,1.0,0.0,0,16,0.0,0,0.0,flat,stable
single_trivia_dev_4908,"Who, at the age of 8 months and 26 days, became the youngest ever king of England?",trivia,13,0.5,0.4,0.09999999999999998,13,2,0.16666666666666669,4,1.7333333333333334,oscillating,highly_oscillating
single_trivia_dev_4926,From which country does Stein lager originate?,trivia,0,1.0,1.0,0.0,0,1,0.9583333333333334,5,4.855797101449275,oscillating,highly_oscillating
single_trivia_dev_4951,"What name was given to the 17th Century chair with shafts, borne by two servants?",trivia,0,0.6666666666666666,0.6666666666666666,0.0,0,1,0.6666666666666666,0,0.719047619047619,fall_then_plateau,mildly_oscillating
single_trivia_dev_4952,Who was the Prime Minister of WW2 Japan?,trivia,0,0.6666666666666666,0.6666666666666666,0.0,0,10,0.606060606060606,2,1.8073593073593073,other,mildly_oscillating
single_trivia_dev_4961,"In September 1950,where, in Korea, did UN troops land, prior to the recapture of Seoul?",trivia,0,1.0,1.0,0.0,0,16,0.0,0,0.0,flat,stable
single_trivia_dev_4966,Which famous baseball player had the forenames George Herman?,trivia,0,1.0,1.0,0.0,0,1,0.5,3,1.2222222222222223,oscillating,mildly_oscillating
single_trivia_dev_4969,In which town or city is the University of Abertay?,trivia,0,1.0,1.0,0.0,0,16,0.0,0,0.0,flat,stable
single_trivia_dev_4978,"Which 1962 film, starring Robert Mitchum in the role of Max Cady, was remade in 1991, with the part being played by Robert de Nero?",trivia,0,1.0,1.0,0.0,0,16,0.0,0,0.0,flat,stable
single_trivia_dev_5021,"""Who wrote most of the operetta, """"The Tales of Hoffman"""", which although unfinished at his death, was completed by Ernest Guiraud?""",trivia,0,1.0,1.0,0.0,0,16,0.0,0,0.0,flat,stable
single_trivia_dev_5023,Which European capital city was a city-state known as Ledra in ancient times?,trivia,0,1.0,1.0,0.0,0,16,0.0,0,0.0,flat,stable
single_trivia_dev_5025,"Who asked of a Cayman Islander, in 1994, `Aren't most of you descended from pirates??",trivia,10,0.05714285714285714,0.0,0.05714285714285714,10,1,0.05714285714285714,1,0.11428571428571428,rise_then_fall,stable
single_trivia_dev_5029,"ASH, Action on Smoking and Health, is the anti-smoking lobby, by what acronym is the pro-smoking lobby known?",trivia,0,0.0,0.0,0.0,0,16,0.0,0,0.0,flat,stable
single_trivia_dev_5036,Who starred in the title role of the boxing movie 'The Cinderella Man'?,trivia,0,1.0,1.0,0.0,0,16,0.0,0,0.0,flat,stable
single_trivia_dev_5053,What do 'Barb'' charts show?,trivia,1,0.10256410256410257,0.0,0.10256410256410257,1,1,0.10256410256410257,2,0.47871866695396115,rise_then_fall,mildly_oscillating
single_trivia_dev_5056,Who had a no. 1 hit in 2005 with the song 'You 're Beautiful'?,trivia,0,1.0,1.0,0.0,0,16,0.0,0,0.0,flat,stable
single_trivia_dev_5060,"Which famous sportsman was born at Heswall, Wirral in 1955?",trivia,0,0.5,0.5,0.0,0,1,0.42592592592592593,2,1.3132045088566828,other,mildly_oscillating
single_trivia_dev_5075,Bempton Cliffs in Yorkshire form the only British Mainland colony for which bird?,trivia,0,1.0,1.0,0.0,0,2,0.33333333333333337,0,0.33333333333333337,fall_then_plateau,mildly_oscillating
single_trivia_dev_5107,What is the former name of Cape of Good Hope?,trivia,0,1.0,1.0,0.0,0,1,0.7142857142857142,8,1.4761904761904754,oscillating,highly_oscillating
single_trivia_dev_511,Which three artists had a hit with a song called The Power Of Love in 1985?,trivia,1,0.9,0.5555555555555556,0.34444444444444444,1,1,0.37058823529411766,5,2.197385620915033,oscillating,highly_oscillating
single_trivia_dev_5146,"What are the irregularly-shaped, colourless bodies present in blood whose sticky surface lets them, along with other substances, form clots to stop bleeding when exposed to air?",trivia,0,1.0,1.0,0.0,0,1,0.8620689655172413,0,0.9449005655902207,fall_then_plateau,mildly_oscillating
single_trivia_dev_5187,Which chemical element is named after the old name for Copenhagen?,trivia,0,1.0,1.0,0.0,0,1,1.0,4,3.1739130434782608,oscillating,highly_oscillating
single_trivia_dev_5201,"Which punctuation mark, used in computing, etc., is called the 'solidus'?",trivia,0,1.0,1.0,0.0,0,1,0.33333333333333337,0,0.33333333333333337,fall_then_plateau,mildly_oscillating
single_trivia_dev_5237,In which US state is the largest Kansas City?,trivia,0,1.0,1.0,0.0,0,16,0.0,0,0.0,flat,stable
single_trivia_dev_5293,Who was King of England when Columbus discovered America?,trivia,0,1.0,1.0,0.0,0,16,0.0,0,0.0,flat,stable
single_trivia_dev_5297,Which Football League Team has the nickname 'The Glovers'?,trivia,2,1.0,0.8,0.19999999999999996,2,5,0.6666666666666666,7,5.133333333333334,oscillating,highly_oscillating
single_trivia_dev_5298,Name the 1978 TV programme in which Lorne Green played Commander Adama and Dirk Benedict plays Lieutenant Starbuck?,trivia,0,1.0,1.0,0.0,0,16,0.0,0,0.0,flat,stable
single_trivia_dev_5349,Which French wine region produces Pouilly-Fume?,trivia,0,1.0,1.0,0.0,0,1,1.0,1,2.0,other,mildly_oscillating
single_trivia_dev_5360,For which Italian side did Graeme Souness play from 1984 to 1986?,trivia,0,1.0,1.0,0.0,0,16,0.0,0,0.0,flat,stable
single_trivia_dev_5377,"One of the most widespread of all butterflies, Vanessa Cardui has orange-brown wings with black and white corners. How is it commonly known?",trivia,0,1.0,1.0,0.0,0,5,0.5,4,2.5,oscillating,highly_oscillating
single_trivia_dev_5387,Which car company manufactured the 'Renown' and 'Mayflower' models?,trivia,1,1.0,0.0,1.0,1,1,1.0,2,3.0,rise_then_fall,mildly_oscillating
single_trivia_dev_5389,Which bird is the largest bird in the crow family?,trivia,0,1.0,1.0,0.0,0,8,0.33333333333333337,2,1.0,other,mildly_oscillating
single_trivia_dev_5413,"In the children's TV show 'Trumpton', Captain Flack's firemen were Pugh, Pugh, Barney McGrew, Cuthbert, Dibble and who else?",trivia,0,1.0,1.0,0.0,0,2,1.0,0,1.0,fall_then_plateau,mildly_oscillating
single_trivia_dev_5447,"Which fruit has varieties named Czar, Kirke's Blue and Marjorie's Seedling?",trivia,0,1.0,1.0,0.0,0,1,1.0,4,1.5714285714285712,oscillating,highly_oscillating
single_trivia_dev_5468,"""Which French word- derived from an old French word for """"paw""""-means dialect?""",trivia,0,1.0,1.0,0.0,0,4,1.0,1,2.0,other,mildly_oscillating
single_trivia_dev_5502,Titania and Oberon are moons of which planet?,trivia,0,1.0,1.0,0.0,0,16,0.0,0,0.0,flat,stable
single_trivia_dev_5506,What name is given to divination by summoning the spirits of the dead?,trivia,0,1.0,1.0,0.0,0,1,1.0,6,6.166666666666666,oscillating,highly_oscillating
single_trivia_dev_5519,Which vegetable used in one form in salads and in another in cooking is from the apium genus of plants?,trivia,0,0.0,0.0,0.0,0,16,0.0,0,0.0,flat,stable
single_trivia_dev_5520,Upon which river does Leicester stand?,trivia,0,0.6666666666666666,0.6666666666666666,0.0,0,16,0.0,0,0.0,flat,stable
single_trivia_dev_5521,Which composer is best known for his works Requiem in D minor and Pavane in F sharp minor?,trivia,0,0.5,0.5,0.0,0,10,0.40476190476190477,1,0.8095238095238095,other,mildly_oscillating
single_trivia_dev_5531,"""In which European City is the """"Monument of Light"""" spire?""",trivia,1,1.0,0.0,1.0,1,15,0.0,0,1.0,rise_then_plateau,mildly_oscillating
single_trivia_dev_5535,"According to Exodus, which migrating flocks of birds supplied food for the lsraelites in the wilderness?",trivia,0,1.0,1.0,0.0,0,14,0.8888888888888888,1,1.7777777777777777,other,mildly_oscillating
single_trivia_dev_554,Who played the title character in the film Hook,trivia,6,1.0,0.0,1.0,6,2,1.0,4,5.0,oscillating,highly_oscillating
single_trivia_dev_5545,In which American state is the animated TV series King of the Hill set?,trivia,0,1.0,1.0,0.0,0,16,0.0,0,0.0,flat,stable
single_trivia_dev_5563,Robert Shaw played primary baddie Donald 'Red' Grant in which James Bond film?,trivia,0,1.0,1.0,0.0,0,16,0.0,0,0.0,flat,stable
single_trivia_dev_5600,Which artist's real name may be Robin Gunningham?,trivia,0,1.0,1.0,0.0,0,16,0.0,0,0.0,flat,stable
single_trivia_dev_563,What Netflix exclusive programme chronicles the life of Piper Chapman and her experiences in an American State Prison?,trivia,0,1.0,1.0,0.0,0,10,0.6799999999999999,0,0.6799999999999999,fall_then_plateau,mildly_oscillating
single_trivia_dev_5631,Which currently running London musical holds the West End record for the longest continuous run?,trivia,3,0.5,0.28571428571428575,0.21428571428571425,3,3,0.21428571428571425,3,1.0238095238095237,oscillating,mildly_oscillating
single_trivia_dev_5650,In which part of the body would someone with proctalgia be feeling pain?,trivia,0,1.0,1.0,0.0,0,1,0.33333333333333337,0,0.33333333333333337,fall_then_plateau,mildly_oscillating
single_trivia_dev_5659,What type of which fish is an albacore?,trivia,0,1.0,1.0,0.0,0,6,0.8888888888888888,0,0.8888888888888888,fall_then_plateau,mildly_oscillating
single_trivia_dev_568,What was David Bowie's real name?,trivia,0,0.8571428571428571,0.8571428571428571,0.0,0,2,0.3571428571428571,3,1.4285714285714284,oscillating,mildly_oscillating
single_trivia_dev_5685,Of which sport is F.I.A. the ruling body?,trivia,0,1.0,1.0,0.0,0,16,0.0,0,0.0,flat,stable
single_trivia_dev_5701,Which musical instrument did Tommy Dorsey play?,trivia,0,1.0,1.0,0.0,0,16,0.0,0,0.0,flat,stable
single_trivia_dev_5713,"""Who played the title role in the 1997 film """"The Jackal"""" a remake of """"The Day of the Jackal?""",trivia,0,1.0,1.0,0.0,0,16,0.0,0,0.0,flat,stable
single_trivia_dev_572,"Sue Johnston and Ricky Tomlinson play Jim and Barbara Royle in the Royle Family, but which other well known married couple did they play in the 80's?",trivia,4,1.0,0.5714285714285715,0.4285714285714285,4,2,0.11111111111111105,3,0.9047619047619047,oscillating,mildly_oscillating
single_trivia_dev_5725,What is the name of the Wiltshire house of the Marquis of Bath?,trivia,0,1.0,1.0,0.0,0,1,0.6923076923076923,0,0.717948717948718,fall_then_plateau,mildly_oscillating
single_trivia_dev_5736,Which word describes a temporary or improvised encampment providing little or no cover?,trivia,0,1.0,1.0,0.0,0,1,1.0,5,1.5204545454545455,oscillating,highly_oscillating
single_trivia_dev_578,What is the name of London's largest underground river?,trivia,14,0.2222222222222222,0.0,0.2222222222222222,14,1,0.2222222222222222,5,1.2444444444444445,oscillating,highly_oscillating
single_trivia_dev_5816,"In Arthurian legend who threw the sword Excalibur into the lake, at Arthur's request, after his death?",trivia,0,0.6666666666666666,0.6666666666666666,0.0,0,1,0.6666666666666666,6,3.5238095238095233,oscillating,highly_oscillating
single_trivia_dev_5829,At is the symbol for which chemical element?,trivia,0,1.0,1.0,0.0,0,1,1.0,4,4.25,oscillating,highly_oscillating
single_trivia_dev_5837,Who was the son born to Abram (as he was then known) and Hagar in the Old Testament?,trivia,0,1.0,1.0,0.0,0,16,0.0,0,0.0,flat,stable
single_trivia_dev_5838,As which character did Peter Kay sing Once Upon a Christmas Song?,trivia,0,1.0,1.0,0.0,0,16,0.0,0,0.0,flat,stable
single_trivia_dev_5884,Which tradesman would have used a composing or setting stick?,trivia,3,0.6666666666666666,0.4,0.2666666666666666,3,8,0.2666666666666666,1,0.5333333333333332,rise_then_plateau_then_fall,mildly_oscillating
single_trivia_dev_5890,To which of his wives did Henry 8th have the shortest marriage?,trivia,0,1.0,1.0,0.0,0,5,1.0,5,6.0,oscillating,highly_oscillating
single_trivia_dev_5896,Whose diary was first published in 1947 under the title 'Het Achterhuis'?,trivia,0,1.0,1.0,0.0,0,16,0.0,0,0.0,flat,stable
single_trivia_dev_5899,Which Surrey and England cricketer retired in 1934 after making 199 first class centuries?,trivia,0,1.0,1.0,0.0,0,16,0.0,0,0.0,flat,stable
single_trivia_dev_5903,"Composed in 1831, what was Rossini's last opera?",trivia,0,1.0,1.0,0.0,0,2,1.0,4,4.5,oscillating,highly_oscillating
single_trivia_dev_5906,The 1812 Overture was written to celebrate the defeat of Napoleon in which city?,trivia,0,1.0,1.0,0.0,0,1,0.33333333333333337,1,0.6666666666666667,other,mildly_oscillating
single_trivia_dev_5926,"Which song, which opened The Beatles first album in 1963, has the opening line 'Well, she was just seventeen - you know what I mean'?",trivia,0,1.0,1.0,0.0,0,1,0.696969696969697,6,4.878787878787879,oscillating,highly_oscillating
single_trivia_dev_5928,Which playwright's works include 'The Madness of George III' and 'The History Boys'?,trivia,0,1.0,1.0,0.0,0,16,0.0,0,0.0,flat,stable
single_trivia_dev_5970,"Which name connects a town in the north of England, a prehistoric burial chamber and an American gangster?",trivia,0,0.0,0.0,0.0,0,16,0.0,0,0.0,flat,stable
single_trivia_dev_6014,In which opera does the character Scarpia appear?,trivia,0,1.0,1.0,0.0,0,16,0.0,0,0.0,flat,stable
single_trivia_dev_6030,The Anti-Federalist League was the fore-runner of which political party?,trivia,1,1.0,0.4,0.6,1,15,0.0,0,0.6,rise_then_plateau,mildly_oscillating
single_trivia_dev_6045,"Popular with young British. people, on. which. Mediterranean island is the. resort of Malia located?",trivia,0,1.0,1.0,0.0,0,16,0.0,0,0.0,flat,stable
single_trivia_dev_6047,The layer of the ionosphere which reflects radio waves is named after which English physicist?,trivia,3,0.8,0.28571428571428575,0.5142857142857142,3,1,0.8,2,1.885714285714286,rise_then_fall,mildly_oscillating
single_trivia_dev_6065,What is the traditional birth stone for April?,trivia,0,1.0,1.0,0.0,0,3,0.7142857142857143,4,3.5714285714285716,oscillating,highly_oscillating
single_trivia_dev_6067,Name either of the teams who played in the first televised FA Cup Final (1938)?,trivia,1,0.6,0.25,0.35,1,15,0.0,0,0.35,rise_then_plateau,mildly_oscillating
single_trivia_dev_6069,Which 2004 film was released with the advertising tag line 'A romantic comedy with zombies'?,trivia,0,1.0,1.0,0.0,0,2,1.0,5,3.185758513931889,oscillating,highly_oscillating
single_trivia_dev_6099,"""Who first uttered the phrase """"Rainbow Nation” in 1994?""",trivia,0,1.0,1.0,0.0,0,16,0.0,0,0.0,flat,stable
single_trivia_dev_6102,Sana’a is the constitutionally stated capital of which country?,trivia,0,1.0,1.0,0.0,0,4,0.6,4,3.0,oscillating,highly_oscillating
single_trivia_dev_6110,What is the main grape used in the production of Chianti wine?,trivia,0,1.0,1.0,0.0,0,1,0.8181818181818181,1,1.6363636363636362,other,mildly_oscillating
single_trivia_dev_6122,How many digits are on the “long number” seen on the front of a credit or debit card?,trivia,0,1.0,1.0,0.0,0,1,0.33333333333333337,4,1.666666666666667,oscillating,highly_oscillating
single_trivia_dev_6124,"Which composer, who lived from 1732-1809, wrote the music now used for the German national anthem?",trivia,0,1.0,1.0,0.0,0,16,0.0,0,0.0,flat,stable
single_trivia_dev_6126,New Guinea and Borneo are the two largest “divided” islands in the world. What is the third largest island which is divided between two or more nations?,trivia,8,0.13333333333333336,0.0,0.13333333333333336,8,1,0.13333333333333336,3,0.5333333333333334,oscillating,mildly_oscillating
single_trivia_dev_6144,Give any year in the life of the pirate Blackbeard?,trivia,0,0.0,0.0,0.0,0,16,0.0,0,0.0,flat,stable
single_trivia_dev_620,How many letters are in the Welsh alphabet?,trivia,1,1.0,0.0,1.0,1,3,1.0,1,2.0,rise_then_plateau_then_fall,mildly_oscillating
single_trivia_dev_6221,Which American President was in office 1869-1877?,trivia,0,1.0,1.0,0.0,0,16,0.0,0,0.0,flat,stable
single_trivia_dev_6223,Terry Gene Bollea is the real name of which actor and professional wrestler?,trivia,0,1.0,1.0,0.0,0,16,0.0,0,0.0,flat,stable
single_trivia_dev_6236,"In a feudal castle what name is given to the outer wall, hence the outer court, or any court within the walls?",trivia,0,1.0,1.0,0.0,0,1,1.0,1,1.6666666666666665,other,mildly_oscillating
single_trivia_dev_6288,In which year was the first General Election in which women had an equal franchise with men?,trivia,4,1.0,0.0,1.0,4,7,1.0,3,4.0,oscillating,mildly_oscillating
single_trivia_dev_629,"In medicine, a nullipara is a woman who has never done what?",trivia,0,0.6666666666666666,0.6666666666666666,0.0,0,16,0.0,0,0.0,flat,stable
single_trivia_dev_6292,Which town is the centre of the SS postcode?,trivia,0,1.0,1.0,0.0,0,2,1.0,1,2.0130434782608697,other,mildly_oscillating
single_trivia_dev_6324,Which Michael Frayn play is based around a 1941 meeting between Werner Heisenberg and Niels Bohr?,trivia,0,1.0,1.0,0.0,0,16,0.0,0,0.0,flat,stable
single_trivia_dev_6336,The cartoon character Garfield the Cat was created by which cartoonist?,trivia,0,1.0,1.0,0.0,0,16,0.0,0,0.0,flat,stable
single_trivia_dev_6342,Which river flows through the centre of the city of Durham?,trivia,0,1.0,1.0,0.0,0,16,0.0,0,0.0,flat,stable
single_trivia_dev_6347,"Mount Whitney, the highest mountain in the contiguous USA, is in which range?",trivia,0,1.0,1.0,0.0,0,16,0.0,0,0.0,flat,stable
single_trivia_dev_6370,In which UK county is Corfe Castle?,trivia,0,1.0,1.0,0.0,0,16,0.0,0,0.0,flat,stable
single_trivia_dev_6380,What is the title of the novel published this year that was originally the first draft of To Kill a Mockingbird?,trivia,0,1.0,1.0,0.0,0,2,0.7391304347826086,4,3.562096941959642,oscillating,highly_oscillating
single_trivia_dev_6392,Which is the most populated city on the continent of Africa?,trivia,0,1.0,1.0,0.0,0,5,0.5384615384615385,2,1.6153846153846156,other,mildly_oscillating
single_trivia_dev_6393,"In which American state is Roswell, where it is claimed a U.F.O. crashed in 1947?",trivia,0,1.0,1.0,0.0,0,16,0.0,0,0.0,flat,stable
single_trivia_dev_6432,What is the principal unit of currency of Mozambique?,trivia,0,1.0,1.0,0.0,0,1,0.6363636363636365,2,1.6060606060606064,other,mildly_oscillating
single_trivia_dev_6435,"Three female trainers have won the Grand National, Jenny Pitman is one name either of the other two,",trivia,0,0.5714285714285715,0.5714285714285715,0.0,0,16,0.0,0,0.0,flat,stable
single_trivia_dev_6440,"What name ts given to floors in a building, usually between the ground floor and the floor",trivia,7,0.11764705882352941,0.0,0.11764705882352941,7,2,0.11764705882352941,3,0.35294117647058826,oscillating,mildly_oscillating
single_trivia_dev_6448,Who is the famous brother of the actress Shirley MacLaine?,trivia,0,1.0,1.0,0.0,0,16,0.0,0,0.0,flat,stable
single_trivia_dev_6482,"In April 2014, a porcelain object from the Chenghua period of Chinese history sold for £21m, setting a record for any Chinese porcelain. What is its colloquial name?",trivia,0,1.0,1.0,0.0,0,1,0.8260869565217391,0,0.9304347826086956,fall_then_plateau,mildly_oscillating
single_trivia_dev_6483,"If Georgia O'Keeffe is to Taos, New Mexico, which German artist known for his surrealist paintings is to Sedona, Arizona?",trivia,0,0.8,0.8,0.0,0,16,0.0,0,0.0,flat,stable
single_trivia_dev_6487,"Treskilling Yellow from Sweden, Bull's Eye from Brazil, Inverted Jenny from the United States, Basel Dove from Switzerland and Benjamin Franklin Z Grill from the United States are some of the famous specimens of what?",trivia,0,1.0,1.0,0.0,0,16,0.0,0,0.0,flat,stable
single_trivia_dev_6548,What ubiquitous font created by designer Vincent Connare was said to have been inspired by the graphic novels The Dark Knight Returns and Watchmen?,trivia,0,1.0,1.0,0.0,0,16,0.0,0,0.0,flat,stable
single_trivia_dev_6550,"During the 1970s, what name was given to the illegal immigrants/asylum seekers from Vietnam referring to their mode of transport?",trivia,0,1.0,1.0,0.0,0,1,0.8787878787878788,2,2.6602851171816693,other,mildly_oscillating
single_trivia_dev_6570,"What is the name of the famous rock on the bank of the Rhine near St. Goarshausen, Germany that soars 120 meters above the water line and appears in several tales of German folklore?",trivia,0,0.5,0.5,0.0,0,1,0.4375,6,2.3814516129032257,oscillating,highly_oscillating
single_trivia_dev_6588,"What diplomatic crisis ended with the signing of the Algiers Accords in January, 1981?",trivia,0,1.0,1.0,0.0,0,16,0.0,0,0.0,flat,stable
single_trivia_dev_660,"In Greek mythology, who fired the arrow that hit Achilles in the heel?",trivia,0,1.0,1.0,0.0,0,16,0.0,0,0.0,flat,stable
single_trivia_dev_661,‘I’ll Be There For You’ by The Rembrandts is the theme tune to which US tv comedy series?,trivia,0,1.0,1.0,0.0,0,16,0.0,0,0.0,flat,stable
single_trivia_dev_6622,The musical ensemble arrangement called 'gamelan' which often accompanies wayang puppet performances (among others) is a tradition of what Asian country?,trivia,0,1.0,1.0,0.0,0,16,0.0,0,0.0,flat,stable
single_trivia_dev_6629,"""Which much-covered New Orleans song tells of a parade collision between two 'tribes' of Mardi Gras Indians was written under the original title """"Jock-A-Mo"""" in 1954?""",trivia,0,1.0,1.0,0.0,0,13,0.8666666666666667,1,1.7333333333333334,other,mildly_oscillating
single_trivia_dev_6669,"Although a total of 43 clubs have competed in the English Premier League since its 1992 inception, how many teams have won the title as of 2009?",trivia,5,0.1842105263157895,0.0,0.1842105263157895,5,1,0.1842105263157895,3,0.6958212683813092,oscillating,mildly_oscillating
single_trivia_dev_6671,"What nickname was given to the New York Yankees baseball team of the late 1920s, in particular to the first six hitters in the 1927 team lineup?",trivia,0,1.0,1.0,0.0,0,5,0.84,2,2.52,other,mildly_oscillating
single_trivia_dev_6692,In which town or city was Frederick Delius born?,trivia,0,1.0,1.0,0.0,0,1,0.9259259259259259,3,2.251851851851852,oscillating,mildly_oscillating
single_trivia_dev_675,‘Crome Yellow’ is the title of which author’s first novel?,trivia,0,1.0,1.0,0.0,0,16,0.0,0,0.0,flat,stable
single_trivia_dev_6786,The buccaneer Henry Morgan was pardoned and knighted by which king?,trivia,0,1.0,1.0,0.0,0,16,0.0,0,0.0,flat,stable
single_trivia_dev_6788,"Similarly, in which country does the 'Diablo' blow?",trivia,0,1.0,1.0,0.0,0,1,1.0,3,2.4000000000000004,oscillating,mildly_oscillating
single_trivia_dev_679,Halliwell’s Guide is a reference book relating to what?,trivia,1,1.0,0.5,0.5,1,3,1.0,5,4.0,oscillating,highly_oscillating
single_trivia_dev_6810,By which single name is photographer John Waddell known?,trivia,10,0.25,0.0,0.25,10,6,0.0,2,0.36428571428571427,rise_then_plateau,mildly_oscillating
single_trivia_dev_6826,The original line-up of which girl band included Kerry Katona and Liz McClarnon?,trivia,0,1.0,1.0,0.0,0,16,0.0,0,0.0,flat,stable
single_trivia_dev_6856,What was the name of the daughter of Vanessa Redgrave who died in 2009?,trivia,0,1.0,1.0,0.0,0,5,0.7333333333333333,4,3.6666666666666665,oscillating,highly_oscillating
single_trivia_dev_686,Dendrophobia is the irrational fear of which natural items?,trivia,0,1.0,1.0,0.0,0,10,0.7142857142857143,2,2.142857142857143,other,mildly_oscillating
single_trivia_dev_6876,"The largest ground in the Championship, and largest outside the FA Premier League is in which city?",trivia,0,0.0,0.0,0.0,0,16,0.0,0,0.0,flat,stable
single_trivia_dev_6879,"In which year did France withdraw from NATO, and Indira Ghandi become Prime Minister of India?",trivia,0,1.0,1.0,0.0,0,16,0.0,0,0.0,flat,stable
single_trivia_dev_689,Ben Gurion International Airport is in which country?,trivia,0,1.0,1.0,0.0,0,16,0.0,0,0.0,flat,stable
single_trivia_dev_6892,"Sold in 2006 for $87.9 million, the most expensive painting ever sold by Christie's was Portrait of Adele Bloch-Bauer II. Who painted it?",trivia,0,1.0,1.0,0.0,0,16,0.0,0,0.0,flat,stable
single_trivia_dev_6908,"The character 'James Bond' was created by Ian Fleming, but who wrote the book 'Devil May Care' featuring 'James Bond'?",trivia,0,1.0,1.0,0.0,0,16,0.0,0,0.0,flat,stable
single_trivia_dev_6910,"Assassinated along with several members of his family in 2001 by the heir to his throne, of which country was Birendra the king?",trivia,0,1.0,1.0,0.0,0,16,0.0,0,0.0,flat,stable
single_trivia_dev_6915,In film making what name is given to the assistant chief lighting technician?,trivia,1,1.0,0.0,1.0,1,1,1.0,1,2.0,rise_then_fall,mildly_oscillating
single_trivia_dev_6929,Politics. Who was the Russian President after Yuri Andropov and before Mikhail Gorbachev?,trivia,0,1.0,1.0,0.0,0,16,0.0,0,0.0,flat,stable
single_trivia_dev_695,Hippopotomonstrosesquipedaliophobia is the irrational fear of long what?,trivia,0,1.0,1.0,0.0,0,3,0.33333333333333337,4,1.666666666666667,oscillating,highly_oscillating
single_trivia_dev_6953,Carole Klein achieved fame under what name?,trivia,0,1.0,1.0,0.0,0,1,0.19999999999999996,0,0.19999999999999996,fall_then_plateau,stable
single_trivia_dev_6955,Which surname originated from carrying the leaves to show that one had been on a pilgrimage to the Holy Land?,trivia,0,1.0,1.0,0.0,0,6,1.0,0,1.0,fall_then_plateau,mildly_oscillating
single_trivia_dev_6960,Which book by Mark Haddon was the Booker Prize winner in 2003?,trivia,0,1.0,1.0,0.0,0,3,0.4,5,2.1882352941176473,oscillating,highly_oscillating
single_trivia_dev_6961,Who directed and starred in the 2008 film “Grand Torino”?,trivia,0,1.0,1.0,0.0,0,16,0.0,0,0.0,flat,stable
single_trivia_dev_6965,Which is England’s southernmost landlocked county?,trivia,13,0.25,0.0,0.25,13,3,0.0,10,1.8229371086814317,oscillating,highly_oscillating
single_trivia_dev_6987,Who is credited with the design of the 'New Look' in 1947?,trivia,0,1.0,1.0,0.0,0,1,1.0,6,3.281862745098039,oscillating,highly_oscillating
single_trivia_dev_6988,"Which European country was ruled by the House of Braganza, 1640-1910?",trivia,0,1.0,1.0,0.0,0,16,0.0,0,0.0,flat,stable
single_trivia_dev_70,Flamenco dancer Joaquin Cortes hit the headlines in 1996 over his relationship with which supermodel?,trivia,0,1.0,1.0,0.0,0,16,0.0,0,0.0,flat,stable
single_trivia_dev_7023,Which flavouring is added to Brandy and Egg yolk to make Advocaat?,trivia,0,1.0,1.0,0.0,0,1,1.0,6,6.2,oscillating,highly_oscillating
single_trivia_dev_706,In which year did play first take place on the middle Sunday at Wimbledon?,trivia,0,1.0,1.0,0.0,0,16,0.0,0,0.0,flat,stable
single_trivia_dev_707,Who wrote the children’s book ‘The Snowman’?,trivia,0,1.0,1.0,0.0,0,16,0.0,0,0.0,flat,stable
single_trivia_dev_7080,Great Britain was given which strategic possession in 1713 by the Treaty of Utrecht?,trivia,0,1.0,1.0,0.0,0,6,0.5,4,2.5,oscillating,highly_oscillating
single_trivia_dev_7085,"As of 1st June 2011, who is the only Spanish Tennis player, other than Rafael Nadal, to be renaked in the Men's top ten?",trivia,0,1.0,1.0,0.0,0,6,0.84,5,5.04,oscillating,highly_oscillating
single_trivia_dev_7089,Give either of the other Christian names of Edward Heath?,trivia,0,1.0,1.0,0.0,0,3,0.5,5,2.6,oscillating,highly_oscillating
single_trivia_dev_7129,What was the middle name of the character 'Arnold Rimmer' from the t.v. series 'Red Dwarf'?,trivia,0,1.0,1.0,0.0,0,16,0.0,0,0.0,flat,stable
single_trivia_dev_7151,Which chemical element's name is taken from the Latin for flint?,trivia,0,1.0,1.0,0.0,0,16,0.0,0,0.0,flat,stable
single_trivia_dev_7237,"In the name of the computing company, for what do the letters 'HP' stand?",trivia,0,1.0,1.0,0.0,0,16,0.0,0,0.0,flat,stable
single_trivia_dev_7258,Which Soviet athlete has held the men's hammer throw world record since 1986?,trivia,0,1.0,1.0,0.0,0,1,1.0,4,2.4705882352941178,oscillating,highly_oscillating
single_trivia_dev_7260,'Phantom Planet's' song 'California' was the theme tune to which American teen-drama series that ran from 2003 to 2007?,trivia,0,1.0,1.0,0.0,0,16,0.0,0,0.0,flat,stable
single_trivia_dev_7264,From which country did the USA purchase the Philippines in 1898?,trivia,0,1.0,1.0,0.0,0,16,0.0,0,0.0,flat,stable
single_trivia_dev_7268,What was the name of the Royal Navy aircraft carrier that was sunk by an Italian torpedo in 1941?,trivia,0,1.0,1.0,0.0,0,1,0.96,0,1.0405555555555555,fall_then_plateau,mildly_oscillating
single_trivia_dev_7293,"'Devil's Apron', 'Purple Laver' and 'Thong Weed' are all types of what?",trivia,0,1.0,1.0,0.0,0,8,0.8461538461538461,4,4.230769230769231,oscillating,highly_oscillating
single_trivia_dev_7304,With which branch of the arts would you associate Leni Riefenstahl?,trivia,7,0.6666666666666666,0.0,0.6666666666666666,7,1,0.6666666666666666,7,3.6,oscillating,highly_oscillating
single_trivia_dev_7323,The last major battle using oared ships was fought in the sixteenth century. What was the name of the battle?,trivia,0,0.5,0.5,0.0,0,1,0.5,1,1.0,other,mildly_oscillating
single_trivia_dev_733,British athlete Jonathan Edwards competed in which event?,trivia,0,1.0,1.0,0.0,0,1,0.6666666666666667,1,1.3333333333333335,other,mildly_oscillating
single_trivia_dev_7338,"King Hussein of Jordan dies, Chinese embassy in Belgrade bombed by NATO planes, and Prince Edward marries. Which year?",trivia,0,1.0,1.0,0.0,0,16,0.0,0,0.0,flat,stable
single_trivia_dev_7360,"If a woman wore a size 38 shoe on the Continent, what size would she ask for in the UK?",trivia,2,0.6666666666666666,0.5,0.16666666666666663,2,1,0.16666666666666663,5,0.9999999999999998,oscillating,highly_oscillating
single_trivia_dev_7361,"Who, for much of the Second World War, was Governor of the Bahamas?",trivia,5,0.06666666666666667,0.0,0.06666666666666667,5,4,0.053927813163481955,0,0.2920731795385028,rise_then_plateau,stable
single_trivia_dev_7364,How many stomachs has a cow?.,trivia,2,0.6666666666666666,0.3333333333333333,0.3333333333333333,2,1,0.3809523809523809,6,2.714285714285714,oscillating,highly_oscillating
single_trivia_dev_7377,"In the Christian church, Rogation Days are days of prayer for what?",trivia,0,0.2,0.2,0.0,0,1,0.2,2,0.6000000000000001,other,mildly_oscillating
single_trivia_dev_738,What was the first name of Paddy Maguire’s wife in the UK tv series ‘Shameless’?,trivia,2,1.0,0.0,1.0,2,14,0.0,0,1.0,rise_then_plateau,mildly_oscillating
single_trivia_dev_7393,What is the main ingredient of Hoisin Sauce?,trivia,1,1.0,0.6666666666666666,0.33333333333333337,1,15,0.0,0,0.33333333333333337,rise_then_plateau,mildly_oscillating
single_trivia_dev_7394,From which bridge does the Oxford and Cambridge boat race start?,trivia,0,1.0,1.0,0.0,0,3,0.5,3,2.0,oscillating,mildly_oscillating
single_trivia_dev_7411,In which TV quiz show were contestants invited to 'Beat The Bong'?,trivia,5,0.11111111111111112,0.0,0.11111111111111112,5,1,0.11111111111111112,4,0.6786012650674306,oscillating,highly_oscillating
single_trivia_dev_7413,In which country is Mozart's opera 'The Magic Flute' set?,trivia,0,1.0,1.0,0.0,0,1,1.0,4,2.5999999999999996,oscillating,highly_oscillating
single_trivia_dev_7448,What was the name of the American spy-ship captured by the North Koreans on 24th January 1968?,trivia,0,1.0,1.0,0.0,0,7,0.33333333333333337,3,1.3333333333333335,oscillating,mildly_oscillating
single_trivia_dev_7462,Who was the manager of Manchester United FC between 1972 and 1979?,trivia,0,1.0,1.0,0.0,0,3,1.0,2,1.156862745098039,other,mildly_oscillating
single_trivia_dev_7490,What is our equivalent to what the Americans call 'Scuttle-butt'?,trivia,0,1.0,1.0,0.0,0,1,1.0,7,8.08,oscillating,highly_oscillating
single_trivia_dev_7526,"""Which product was advertised with the slogan """"It's what your right arm's for""""?""",trivia,1,0.125,0.0,0.125,1,2,0.125,8,1.1029411764705883,oscillating,highly_oscillating
single_trivia_dev_7535,Which Central American country adopted the US Dollar as its official unit of currency in 2001?,trivia,0,1.0,1.0,0.0,0,16,0.0,0,0.0,flat,stable
single_trivia_dev_7564,By what more familiar avian moniker is the H-4 Hercules aircraft known?,trivia,0,1.0,1.0,0.0,0,16,0.0,0,0.0,flat,stable
single_trivia_dev_7570,What name is given to the sound hole on a violin?,trivia,0,1.0,1.0,0.0,0,16,0.0,0,0.0,flat,stable
single_trivia_dev_759,Who became the first female muslim cabinet minister in the British government?,trivia,0,1.0,1.0,0.0,0,1,1.0,1,1.233233082706767,other,mildly_oscillating
single_trivia_dev_7598,Which variety of solo card game patience takes its name from a gold rush location in the Yukon Territory?,trivia,0,1.0,1.0,0.0,0,2,1.0,7,7.809523809523809,oscillating,highly_oscillating
single_trivia_dev_7602,Asmara is the capital city of which country?,trivia,0,1.0,1.0,0.0,0,16,0.0,0,0.0,flat,stable
single_trivia_dev_7664,Who was King of England when the 'Stone of Scone' was removed to England in 1296?,trivia,0,1.0,1.0,0.0,0,16,0.0,0,0.0,flat,stable
single_trivia_dev_7680,"Ayatollah Khomeini pronounced a death sentence in 1989 on Salman Rushdie as a result of what book, published the previous year?",trivia,0,1.0,1.0,0.0,0,16,0.0,0,0.0,flat,stable
single_trivia_dev_7681,Which study in magic and religion by James George Frazer took its name from an incident in 'The Aeneid'?,trivia,0,1.0,1.0,0.0,0,5,0.4814814814814815,2,1.4444444444444446,other,mildly_oscillating
single_trivia_dev_7690,Which country declared independence from France after the 'August Revolution' of 1945?,trivia,0,1.0,1.0,0.0,0,16,0.0,0,0.0,flat,stable
single_trivia_dev_7702,In which US city do the Allegheny and the Monongahela rivers join to form the Ohio River?,trivia,0,1.0,1.0,0.0,0,16,0.0,0,0.0,flat,stable
single_trivia_dev_7727,What is the highest value Euro banknote?,trivia,4,1.0,0.0,1.0,4,3,0.4545454545454546,2,1.9090909090909092,rise_then_plateau_then_fall,mildly_oscillating
single_trivia_dev_7736,"""Which product is advertised on television as """"smooth enough to sell itself""""?""",trivia,0,0.0,0.0,0.0,0,16,0.0,0,0.0,flat,stable
single_trivia_dev_7760,‘La donna è mobile’ comes from which Verdi opera?,trivia,0,1.0,1.0,0.0,0,16,0.0,0,0.0,flat,stable
single_trivia_dev_7772,What is the western terminus of the West Highland Railway line in Scotland?,trivia,0,1.0,1.0,0.0,0,14,0.6923076923076923,1,1.3846153846153846,other,mildly_oscillating
single_trivia_dev_7777,"In a cricket review, what is the name of either device used to see if a batsman has hit the ball?",trivia,0,0.5714285714285715,0.5714285714285715,0.0,0,4,0.5714285714285715,5,3.4285714285714293,oscillating,highly_oscillating
single_trivia_dev_7794,The adjective cancroid relates to which creature?,trivia,3,0.5,0.0,0.5,3,3,0.5,6,3.5,oscillating,highly_oscillating
single_trivia_dev_7807,What type of instrument is a hurdy gurdy,trivia,1,0.049999999999999996,0.0,0.049999999999999996,1,15,0.049999999999999996,0,0.09999999999999999,flat,stable
single_trivia_dev_7810,Who had a No 1 in the 70's with Annie's Song,trivia,0,1.0,1.0,0.0,0,16,0.0,0,0.0,flat,stable
single_trivia_dev_7826,Dear cash is an anagram for which indoor game,trivia,1,1.0,0.0,1.0,1,1,1.0,1,2.0,rise_then_fall,mildly_oscillating
single_trivia_dev_7843,What was the last hit for the New Seekers,trivia,0,0.0,0.0,0.0,0,16,0.0,0,0.0,flat,stable
single_trivia_dev_7848,"There are two racecourses on Merseyside, Aintree is one what is the other",trivia,0,1.0,1.0,0.0,0,16,0.0,0,0.0,flat,stable
single_trivia_dev_7889,On of the titles of the Kings of Siam (Thailand) is the possessor of the four and twenty what,trivia,9,0.10526315789473684,0.0,0.10526315789473684,9,1,0.10526315789473684,3,0.42105263157894735,oscillating,mildly_oscillating
single_trivia_dev_7896,In the Chuck Berry song Memphis Tennessee how old was Marie,trivia,0,1.0,1.0,0.0,0,1,1.0,1,2.0,other,mildly_oscillating
single_trivia_dev_7910,What is Australia's smallest mainland state,trivia,4,1.0,0.0,1.0,4,5,0.7142857142857143,2,2.428571428571429,rise_then_plateau_then_fall,mildly_oscillating
single_trivia_dev_7941,Which rugby side are also known as the Wizards of the West,trivia,0,0.0,0.0,0.0,0,16,0.0,0,0.0,flat,stable
single_trivia_dev_7944,What was the name of the angel in the film It's A Wonderful Life,trivia,0,1.0,1.0,0.0,0,1,0.6923076923076923,2,1.3589743589743588,other,mildly_oscillating
single_trivia_dev_8034,On the Beatles Sergeant Pepper album cover who is the sergeant,trivia,0,0.0,0.0,0.0,0,16,0.0,0,0.0,flat,stable
single_trivia_dev_8054,What day of the year is celebrated as Yorkshire Day,trivia,0,1.0,1.0,0.0,0,16,0.0,0,0.0,flat,stable
single_trivia_dev_8090,"""Which American General was nicknamed """"Old Blood and Guts""""""",trivia,0,1.0,1.0,0.0,0,1,0.5,3,2.0,oscillating,mildly_oscillating
single_trivia_dev_8091,What is the one word motto of IBM,trivia,0,0.25,0.25,0.0,0,16,0.0,0,0.0,flat,stable
single_trivia_dev_810,Pumba is what type of animal in the film ‘The Lion King’?,trivia,0,1.0,1.0,0.0,0,16,0.0,0,0.0,flat,stable
single_trivia_dev_8103,Who in mythology is supposed to have built the Giant's Causeway,trivia,0,1.0,1.0,0.0,0,2,0.2500000000000001,8,2.2500000000000004,oscillating,highly_oscillating
single_trivia_dev_8129,Who was the first man to bowl for England in a cricket test match wearing sunglasses,trivia,0,0.0,0.0,0.0,0,16,0.0,0,0.0,flat,stable
single_trivia_dev_8142,What is the name of the woollen fabric principally used in flag making,trivia,0,1.0,1.0,0.0,0,1,1.0,2,2.451388888888889,other,mildly_oscillating
single_trivia_dev_8144,Which American football team lost the super bowl in three consecutive seasons 91-92 and 93,trivia,0,1.0,1.0,0.0,0,16,0.0,0,0.0,flat,stable
single_trivia_dev_8169,"Stan laurel, Mickey Rooney, Lana Turner what in common?",trivia,0,0.0,0.0,0.0,0,16,0.0,0,0.0,flat,stable
single_trivia_dev_8184,How many 'G' letters are there in a Scrabble game?,trivia,7,1.0,0.0,1.0,7,2,1.0,3,4.0,oscillating,mildly_oscillating
single_trivia_dev_8202,"What is the normal colour of the gem sapphire? Red, Green or Blue?",trivia,0,1.0,1.0,0.0,0,16,0.0,0,0.0,flat,stable
single_trivia_dev_8207,January 2011 England beat Australia winning the Ashes once again. Where did they play the final test?,trivia,1,1.0,0.5,0.5,1,15,0.0,0,0.5,rise_then_plateau,mildly_oscillating
single_trivia_dev_8212,What is the only Shakespeare play that mentions America?,trivia,12,0.17391304347826086,0.0,0.17391304347826086,12,1,0.17391304347826086,3,0.7478260869565216,oscillating,mildly_oscillating
single_trivia_dev_8220,Does the Queen Have Any Siblings?,trivia,9,0.29629629629629634,0.0,0.29629629629629634,9,1,0.23072252580449304,5,1.3535202195128284,oscillating,highly_oscillating
single_trivia_dev_8230,"In the Nursery Rhyme, what time does 'Wee Willy Winkie' run through the town?",trivia,0,0.5,0.5,0.0,0,7,0.5,3,2.0,oscillating,mildly_oscillating
single_trivia_dev_8272,Hepatitis affects which part of the body?,trivia,0,1.0,1.0,0.0,0,14,0.5,1,1.0,other,mildly_oscillating
single_trivia_dev_8277,What song did Cliff Richard sing in the 1973 Eurovision Song Contest in which he came third?,trivia,0,1.0,1.0,0.0,0,16,0.0,0,0.0,flat,stable
single_trivia_dev_831,‘The Clockwork Orange’ is the nickname of which British city’s underground railway system?,trivia,0,1.0,1.0,0.0,0,11,1.0,1,1.1333333333333333,other,mildly_oscillating
single_trivia_dev_8341,"If eating Cambridge No 5s,Wellands or Bedford Winter Harvests what would you be eating?",trivia,0,0.0,0.0,0.0,0,16,0.0,0,0.0,flat,stable
single_trivia_dev_8402,"""What was advertised with the slogan """"This dirt says hot, the label says not""""?""",trivia,0,0.0,0.0,0.0,0,16,0.0,0,0.0,flat,stable
single_trivia_dev_8408,Why and when was naturalist David Bellamy jailed in Australia?,trivia,14,0.42857142857142855,0.3448275862068965,0.08374384236453203,14,1,0.11746031746031738,2,0.7697785835549881,rise_then_fall,mildly_oscillating
single_trivia_dev_8409,What is the title of Johnny Cash's autobiography?,trivia,2,1.0,0.0,1.0,2,1,1.0,1,2.0,rise_then_fall,mildly_oscillating
single_trivia_dev_8463,"In honor of     A.     A. Milne’s birthday (Jan 18, 1882), name the characters in the original Winnie the Pooh book.",trivia,4,0.631578947368421,0.19999999999999998,0.43157894736842106,4,1,0.631578947368421,2,1.5219814241486067,rise_then_fall,mildly_oscillating
single_trivia_dev_8480,For which paper was reporter Clark Kent/Superman employed?,trivia,0,1.0,1.0,0.0,0,16,0.0,0,0.0,flat,stable
single_trivia_dev_8498,"What disease does the DSM-IV define as: (1) has a grandiose sense of self-importance (2) is preoccupied with fantasies of unlimited success, power, brilliance, beauty, or ideal love (3) believes that he or she is ""special"" and unique and can only be understood by, or should associate with, other special or high-status people (4) requires excessive admiration (5) has a sense of entitlement, (6) is interpersonally exploitative (7) lacks empathy: is unwilling to recognize or identify with the feelings and needs of others (8) is often envious of others or believes that others are envious of him or her (9) shows arrogant, haughty behaviors or attitudes",trivia,0,1.0,1.0,0.0,0,8,0.625,1,1.25,other,mildly_oscillating
single_trivia_dev_8501,"Which of the original colonies was the first to declare its independence from Great Britain in 1776, and was the first to secede from the Union 84 years later?",trivia,0,1.0,1.0,0.0,0,1,1.0,0,1.0,fall_then_plateau,mildly_oscillating
single_trivia_dev_8506,What are the 4 kinds of teeth found inside the human mouth?,trivia,0,0.0,0.0,0.0,0,16,0.0,0,0.0,flat,stable
single_trivia_dev_8529,"A staple of the world's greatest sandwich, the Reuben, sauerkraut is made by fermenting what vegetable?",trivia,0,1.0,1.0,0.0,0,16,0.0,0,0.0,flat,stable
single_trivia_dev_8583,"Convection, conduction, and radiation are three of the ways what type of energy can be transferred?",trivia,0,0.5,0.5,0.0,0,16,0.0,0,0.0,flat,stable
single_trivia_dev_8614,"In the game of craps, if one rolls snake eyes, what numbers appear on the dice?",trivia,0,0.0,0.0,0.0,0,16,0.0,0,0.0,flat,stable
single_trivia_dev_866,Athlete Francis Morgan Thompson is better known by what name?,trivia,8,1.0,0.5,0.5,8,8,0.0,3,1.709009009009009,oscillating,mildly_oscillating
single_trivia_dev_8691,"What's missing: Denial, Anger, Depression, Acceptance",trivia,0,1.0,1.0,0.0,0,7,0.8888888888888888,2,2.65359477124183,other,mildly_oscillating
single_trivia_dev_8712,"Originally a separate town before being annexed by Seattle in 1891, what neighborhood refers to itself as ""The Center of the Universe""?",trivia,0,1.0,1.0,0.0,0,1,1.0,1,2.0,other,mildly_oscillating
single_trivia_dev_8726,"Who's missing: Chico, Groucho, Gummo, Zeppo?",trivia,0,1.0,1.0,0.0,0,16,0.0,0,0.0,flat,stable
single_trivia_dev_8737,Which red-headed orphan was adopted by Daddy Warbucks?,trivia,0,1.0,1.0,0.0,0,16,0.0,0,0.0,flat,stable
single_trivia_dev_8739,Which country has more coastline than any other?,trivia,0,1.0,1.0,0.0,0,2,0.9701492537313433,1,1.9402985074626866,other,mildly_oscillating
single_trivia_dev_8762,"Old Ironsides, so called because cannon balls seemed to bounce off her sides, is the nickname for what famous frigate, launched on Oct 21, 1797?",trivia,0,1.0,1.0,0.0,0,16,0.0,0,0.0,flat,stable
single_trivia_dev_877,"The glass-walled railway bridge, known locally as Hielanman’s Umbrella, is located in which British city?",trivia,0,1.0,1.0,0.0,0,16,0.0,0,0.0,flat,stable
single_trivia_dev_879,"Which Shakespearian character said ‘But soft, what light through yonder window breaks’?",trivia,0,1.0,1.0,0.0,0,8,0.8095238095238095,2,2.428571428571429,other,mildly_oscillating
single_trivia_dev_8812,"What brand of rum is advertised with the slogan To Life, Love, and Loot, and features a buccaneer?",trivia,0,1.0,1.0,0.0,0,2,0.8095238095238095,1,1.619047619047619,other,mildly_oscillating
single_trivia_dev_8830,"Holding office from 1901 to 1909, who was the 26th President of the United States?",trivia,0,1.0,1.0,0.0,0,16,0.0,0,0.0,flat,stable
single_trivia_dev_8834,"What holiday, created by a future Cal State Long Beach professor in 1966, is celebrated the day after Christmas for 7 days?",trivia,0,1.0,1.0,0.0,0,16,0.0,0,0.0,flat,stable
single_trivia_dev_8835,"March 9, 1959 saw the introduction of what Mattel favorite, an 11.5 inch tall fashion doll which saw controversy when a later talking model exclaimed such phrases as Will we ever have enough clothes?, and Math class is tough!?",trivia,0,1.0,1.0,0.0,0,16,0.0,0,0.0,flat,stable
single_trivia_dev_901,Xanthic relates to which colour?,trivia,0,1.0,1.0,0.0,0,16,0.0,0,0.0,flat,stable
single_trivia_dev_92,What was Steve Martin's first film?,trivia,0,1.0,1.0,0.0,0,1,1.0,5,3.2619047619047614,oscillating,highly_oscillating
single_trivia_dev_935,"An older woman who is attracted to, and often has sex with, much younger men is named after which member of the cat family?",trivia,0,1.0,1.0,0.0,0,16,0.0,0,0.0,flat,stable
single_trivia_dev_947,Which band released a 2000 album entitled ‘Chocolate Starfish and the Hot Dog Flavored Water’?,trivia,0,1.0,1.0,0.0,0,16,0.0,0,0.0,flat,stable
single_trivia_dev_992,The ‘Duckworth-Lewis method’ is used in which sport?,trivia,0,1.0,1.0,0.0,0,16,0.0,0,0.0,flat,stable
single_trivia_dev_996,Late actor John Elton Halliley was better known by what name?,trivia,4,1.0,0.4,0.6,4,12,0.0,0,0.6,rise_then_plateau,mildly_oscillating
single_squad_dev_10,Where did Notre Dame students and the KKK have their encounter?,squad,1,1.0,0.8,0.19999999999999996,1,13,0.19999999999999996,1,0.3999999999999999,rise_then_plateau_then_fall,mildly_oscillating
single_squad_dev_1014,What meeting brought about changes in France's policy towards its colonies?,squad,0,0.6666666666666666,0.6666666666666666,0.0,0,1,0.6666666666666666,0,0.7058823529411765,fall_then_plateau,mildly_oscillating
single_squad_dev_1047,What's the three-letter acronym for institut universitaire de technologie?,squad,0,1.0,1.0,0.0,0,16,0.0,0,0.0,flat,stable
single_squad_dev_1052,How many polytechnic institutes does Malaysia have now?,squad,0,0.0,0.0,0.0,0,16,0.0,0,0.0,flat,stable
single_squad_dev_1057,What year did UK polytechnics start functioning in a binary education system?,squad,0,0.0,0.0,0.0,0,16,0.0,0,0.0,flat,stable
single_squad_dev_1081,What are some of the members of the Armed Forces Council?,squad,15,0.3870967741935483,0.10526315789473684,0.2818336162988115,15,1,0.0,2,0.7805876781456784,rise_then_plateau,mildly_oscillating
single_squad_dev_1085,What is now the daily uniform worn by members of the CAF?,squad,13,0.5,0.25,0.25,13,1,0.3,2,0.899056603773585,rise_then_fall,mildly_oscillating
single_squad_dev_1120,Who's judicial power does congress have the right to limit?,squad,0,0.5,0.5,0.0,0,1,0.5,0,0.5,fall_then_plateau,mildly_oscillating
single_squad_dev_1139,In what year did Mahbub ul Haq devise and launch the HDI?,squad,0,1.0,1.0,0.0,0,16,0.0,0,0.0,flat,stable
single_squad_dev_1154,Where was the BBC's second studio located?,squad,0,0.28571428571428575,0.28571428571428575,0.0,0,1,0.28571428571428575,0,0.28571428571428575,fall_then_plateau,stable
single_squad_dev_116,How long has the single congressional district been Republican?,squad,0,0.0,0.0,0.0,0,16,0.0,0,0.0,flat,stable
single_squad_dev_1160,Where did the BBC broadcast from following World War II?,squad,0,0.0,0.0,0.0,0,16,0.0,0,0.0,flat,stable
single_squad_dev_1184,In what year was the fortification later known as Drake's Fort constructed?,squad,11,1.0,0.0,1.0,11,5,0.0,0,1.0,rise_then_plateau,mildly_oscillating
single_squad_dev_1214,When did Plymouth begin receiving water from South West Water?,squad,3,1.0,0.0,1.0,3,13,0.0,0,1.0,rise_then_plateau,mildly_oscillating
single_squad_dev_1246,Where did John Glenn land on Earth after coming back from orbit?,squad,0,1.0,1.0,0.0,0,8,0.9024390243902439,3,3.6097560975609757,oscillating,mildly_oscillating
single_squad_dev_1258,In what year did the Glorious Revolution occur?,squad,0,1.0,1.0,0.0,0,2,1.0,4,5.0,oscillating,highly_oscillating
single_squad_dev_1264,What law mandated a license from the local magistrate to sell beer?,squad,0,0.4444444444444445,0.4444444444444445,0.0,0,1,0.4444444444444445,0,0.4444444444444445,fall_then_plateau,mildly_oscillating
single_squad_dev_1284,In what settlement is the pub known as The Old Forge located?,squad,0,1.0,1.0,0.0,0,5,0.5,0,0.5,fall_then_plateau,mildly_oscillating
single_squad_dev_1293,What do the people in the Indian subcontinent call Jesus?,squad,0,0.6666666666666666,0.6666666666666666,0.0,0,1,0.6666666666666666,3,2.594271891630382,oscillating,mildly_oscillating
single_squad_dev_1302,In what year was CBS the only network to also have a record company?,squad,0,0.0,0.0,0.0,0,16,0.0,0,0.0,flat,stable
single_squad_dev_1308,Columbia Pictures has been owned by Sony since what year?,squad,0,1.0,1.0,0.0,0,16,0.0,0,0.0,flat,stable
single_squad_dev_1387,"In what year was the film version of Mary, Queen of Scots made?",squad,0,1.0,1.0,0.0,0,1,1.0,8,5.992207792207791,oscillating,highly_oscillating
single_squad_dev_1418,What did the AEA name their last plane?,squad,0,1.0,1.0,0.0,0,1,1.0,0,1.0,fall_then_plateau,mildly_oscillating
single_squad_dev_142,What term was coined to describe the destruction of culture?,squad,0,0.0,0.0,0.0,0,16,0.0,0,0.0,flat,stable
single_squad_dev_1437,When did gag single-panel illustrations become known as cartoons?,squad,6,1.0,0.0,1.0,6,10,0.0,0,1.0,rise_then_plateau,mildly_oscillating
single_squad_dev_1440,What word is used in Japan for comics?,squad,0,1.0,1.0,0.0,0,1,1.0,1,2.0,other,mildly_oscillating
single_squad_dev_1452,What year was the Development and Economic Planning Department formed?,squad,0,0.0,0.0,0.0,0,16,0.0,0,0.0,flat,stable
single_squad_dev_147,"Rummel postulates that murder of people of government is due to national, ethnic, racial and which other membership?",squad,1,0.6666666666666666,0.0,0.6666666666666666,1,15,0.0,0,0.6666666666666666,rise_then_plateau,mildly_oscillating
single_squad_dev_1498,Who observed the specific heat capacity of H2?,squad,0,0.0,0.0,0.0,0,16,0.0,0,0.0,flat,stable
single_squad_dev_1504,How can it be recovered through steam?,squad,4,0.12121212121212122,0.07228915662650603,0.04892296458561518,4,2,0.08237716975581053,2,0.4830266535061879,rise_then_fall,mildly_oscillating
single_squad_dev_152,"What was taken into account, without mentioning specific crimes?",squad,1,1.0,0.0,1.0,1,1,1.0,5,6.0,oscillating,highly_oscillating
single_squad_dev_1521,What minimizes the influence of the Atlantic ocean on Bostons weather?,squad,1,1.0,0.0,1.0,1,6,0.6470588235294117,6,4.882352941176469,oscillating,highly_oscillating
single_squad_dev_1546,What is the name of the fourth BeiDou-1 satellite?,squad,0,1.0,1.0,0.0,0,1,0.75,6,5.25,oscillating,highly_oscillating
single_squad_dev_1568,At which universities were canon law degrees abolished?,squad,9,0.7499999999999999,0.2,0.5499999999999998,9,6,0.1499999999999999,4,1.2999999999999998,oscillating,highly_oscillating
single_squad_dev_1586,"Besides vocabulary and grammar, what other diffinence is there from other similar area languages?",squad,4,0.04347826086956522,0.03571428571428572,0.007763975155279504,4,12,0.04347826086956522,0,0.12267080745341616,flat,stable
single_squad_dev_1625,"In the nominative, genitive, partitive, illative, inessive, elative, allative, adessive, ablative, translative cases what always agrees with the noun in number and case?",squad,1,1.0,0.0,1.0,1,5,0.9130434782608695,5,5.553359683794467,oscillating,highly_oscillating
single_squad_dev_1629,What country was the process developed in?,squad,0,0.0,0.0,0.0,0,16,0.0,0,0.0,flat,stable
single_squad_dev_1642,What team shut down in October 2008?,squad,0,0.10256410256410256,0.10256410256410256,0.0,0,1,0.10256410256410256,0,0.10256410256410256,fall_then_plateau,stable
single_squad_dev_1650,What was the name of the Las Vegas team owned by Vince Neil?,squad,0,0.5,0.5,0.0,0,1,0.5,1,1.0,other,mildly_oscillating
single_squad_dev_1654,What days were AFL games traditionally played on before the TV deal?,squad,10,0.05128205128205128,0.0,0.05128205128205128,10,1,0.05128205128205128,0,0.36950040185631694,fall_then_plateau,mildly_oscillating
single_squad_dev_1686,Who commissioned the Abbey to be built?,squad,11,0.28571428571428575,0.0,0.28571428571428575,11,1,0.28571428571428575,1,0.5974025974025975,rise_then_fall,mildly_oscillating
single_squad_dev_169,What are 3 other common forms of bad antibiotic practices?,squad,0,0.14814814814814814,0.14814814814814814,0.0,0,16,0.0,0,0.0,flat,stable
single_squad_dev_1692,Who is the abbey dedicated to?,squad,6,0.5,0.047619047619047616,0.4523809523809524,6,1,0.5,6,2.3253968253968256,oscillating,highly_oscillating
single_squad_dev_1706,How long had Nanjing been the capital city of Yangzhou?,squad,1,1.0,0.023809523809523808,0.9761904761904762,1,15,0.0,0,0.9761904761904762,rise_then_plateau,mildly_oscillating
single_squad_dev_1710,During what dynasty did Nanjing become a thriving textile city?,squad,4,1.0,0.5,0.5,4,4,0.19999999999999996,2,0.8999999999999999,rise_then_plateau_then_fall,mildly_oscillating
single_squad_dev_1719,Stone Mountain is compared to what animal?,squad,0,0.0,0.0,0.0,0,16,0.0,0,0.0,flat,stable
single_squad_dev_1725,What is Zhongyang Shangchang?,squad,0,0.0,0.0,0.0,0,16,0.0,0,0.0,flat,stable
single_squad_dev_1732,What are the names of the artery roads in Nanjing?,squad,2,0.36363636363636365,0.0,0.36363636363636365,2,2,0.36363636363636365,4,1.5604505858287374,oscillating,highly_oscillating
single_squad_dev_1755,What did the city decide again?,squad,0,0.0,0.0,0.0,0,16,0.0,0,0.0,flat,stable
single_squad_dev_178,During the last 18 years he lived about how many times did Chopin perform in public?,squad,1,1.0,0.5,0.5,1,15,0.0,0,0.5,rise_then_plateau,mildly_oscillating
single_squad_dev_1792,Does DST mean more rush hour traffic is on the road before dawn or after?,squad,7,1.0,0.0,1.0,7,9,0.0,0,1.0,rise_then_plateau,mildly_oscillating
single_squad_dev_1814,When was Archives II opened?,squad,0,0.0,0.0,0.0,0,16,0.0,0,0.0,flat,stable
single_squad_dev_1824,What was spilled when the freighter ran aground?,squad,7,0.8571428571428571,0.5,0.3571428571428571,7,1,0.4571428571428571,5,2.0809523809523807,oscillating,highly_oscillating
single_squad_dev_1837,In what place did the engineering school at KU appear in 2016?,squad,0,0.0,0.0,0.0,0,16,0.0,0,0.0,flat,stable
single_squad_dev_184,Chopin was indirectly related to what?,squad,0,0.0,0.0,0.0,0,16,0.0,0,0.0,flat,stable
single_squad_dev_1859,"Cronyism is also when people are selected from a closed and exclusive social network, which is called what?",squad,1,0.3333333333333333,0.0,0.3333333333333333,1,3,0.19047619047619047,5,0.8069841269841268,oscillating,highly_oscillating
single_squad_dev_1898,What class increased it's interest in music during the 19th century?,squad,11,0.6666666666666666,0.5,0.16666666666666663,11,1,0.2666666666666666,6,3.0999999999999996,oscillating,highly_oscillating
single_squad_dev_1900,What array of instrument grew wider?,squad,1,0.33333333333333337,0.0,0.33333333333333337,1,1,0.33333333333333337,1,0.6666666666666667,rise_then_fall,mildly_oscillating
single_squad_dev_1949,What body of water was dredged for the material used for reclamation?,squad,3,0.2,0.0425531914893617,0.1574468085106383,3,1,0.2,5,1.0913008776983482,oscillating,highly_oscillating
single_squad_dev_1962,What year did Southampton Football Club first reach the top level of English football?,squad,1,1.0,0.0,1.0,1,15,0.0,0,1.0,rise_then_plateau,mildly_oscillating
single_squad_dev_1968,"Which of the ""Three Queens"" has a number in its name?",squad,1,0.6666666666666666,0.5714285714285715,0.09523809523809512,1,1,0.6666666666666666,3,1.489177489177489,oscillating,mildly_oscillating
single_squad_dev_1976,The Treaty of Locarno guarantees each signatory against what from another signatory?,squad,1,1.0,0.0,1.0,1,6,0.6,3,2.8000000000000003,oscillating,mildly_oscillating
single_squad_dev_20,"There were multiple students from Notre Dame who entered the Pro Football Hall of Fame, how many?",squad,0,1.0,1.0,0.0,0,1,1.0,1,2.0,other,mildly_oscillating
single_squad_dev_2003,What ethnicity was Tito's mother?,squad,1,1.0,0.0,1.0,1,1,1.0,1,2.0,rise_then_fall,mildly_oscillating
single_squad_dev_2038,What was the name given to the island reached by Miguel Lopez de Legazpi on January 9th of 1530?,squad,0,0.0,0.0,0.0,0,16,0.0,0,0.0,flat,stable
single_squad_dev_207,In what city did Frédéric achieve celebrity status?,squad,0,1.0,1.0,0.0,0,1,1.0,0,1.0,fall_then_plateau,mildly_oscillating
single_squad_dev_2082,What did the magnates do eventually with the gifts?,squad,0,0.3333333333333333,0.3333333333333333,0.0,0,1,0.3333333333333333,0,0.3333333333333333,fall_then_plateau,mildly_oscillating
single_squad_dev_2086,Did all hold title of nobility?,squad,1,1.0,0.0,1.0,1,1,0.9753086419753086,7,4.363049411570068,oscillating,highly_oscillating
single_squad_dev_210,What is the name of Chopin's pupil who performed with him?,squad,2,1.0,0.0,1.0,2,5,0.6923076923076923,4,3.769230769230769,oscillating,highly_oscillating
single_squad_dev_2121,What language is spoken by two percent of the population in southeast Switzerland? ,squad,0,1.0,1.0,0.0,0,2,1.0,1,2.0,other,mildly_oscillating
single_squad_dev_2132,What base pairs with thymine?,squad,0,1.0,1.0,0.0,0,16,0.0,0,0.0,flat,stable
single_squad_dev_2136,Long stretches of repetitive sequence that cap the ends of the linear chromosomes are called what?,squad,0,1.0,1.0,0.0,0,9,0.8666666666666667,2,2.6,other,mildly_oscillating
single_squad_dev_2144,"In cell division, what two cells are created? ",squad,3,0.8,0.6666666666666666,0.13333333333333341,3,3,0.13333333333333341,3,0.5333333333333337,oscillating,mildly_oscillating
single_squad_dev_2153,How many essential genes does Saccharomyces cerevisiae have?,squad,1,0.08,0.0,0.08,1,15,0.04923076923076923,0,0.16550191764301692,rise_then_plateau,stable
single_squad_dev_2168,What forms of Islamic and Christian faiths do many residents practice?,squad,14,0.03076923076923077,0.0,0.03076923076923077,14,2,0.0033719704952581697,0,0.03414120126448894,flat,stable
single_squad_dev_2186,Where does 23rd Street begin?,squad,3,0.5714285714285715,0.0,0.5714285714285715,3,13,0.0,0,0.5714285714285715,rise_then_plateau,mildly_oscillating
single_squad_dev_2207,People who study the anatomy of the central nervous system are known as what?,squad,0,1.0,1.0,0.0,0,1,1.0,2,1.2666666666666666,other,mildly_oscillating
single_squad_dev_2209,A mammal's brain is how many times larger than a reptiles relative to body size?,squad,1,1.0,0.5,0.5,1,3,1.0,2,2.5,rise_then_plateau_then_fall,mildly_oscillating
single_squad_dev_2210,The Neocerebellum supports what other part of the brain?,squad,0,1.0,1.0,0.0,0,16,0.0,0,0.0,flat,stable
single_squad_dev_2218,The SCN of the nervous system is an abbreviation for what?,squad,0,1.0,1.0,0.0,0,1,0.6363636363636365,0,0.6363636363636365,fall_then_plateau,mildly_oscillating
single_squad_dev_2233,Where did the Normans go off to instead of publishing the book?,squad,0,0.0,0.0,0.0,0,16,0.0,0,0.0,flat,stable
single_squad_dev_2248,When was Tan Zhenlin's term as Zhenjiang's Communist Party Secretary?,squad,6,1.0,0.0,1.0,6,1,1.0,1,2.0,rise_then_fall,mildly_oscillating
single_squad_dev_2270,When did regular testing of Hi-Vision start?,squad,0,0.0,0.0,0.0,0,16,0.0,0,0.0,flat,stable
single_squad_dev_2291,"What term is interchangeable with ""sapwood""?",squad,0,0.0,0.0,0.0,0,16,0.0,0,0.0,flat,stable
single_squad_dev_2319,What nation did the Land of Put have a close relationship with?,squad,0,0.6666666666666666,0.6666666666666666,0.0,0,2,0.6666666666666666,4,3.333333333333333,oscillating,highly_oscillating
single_squad_dev_2322,"Based on the presence of the M78 subclade, where do some researchers think Somalis originated?",squad,0,0.0,0.0,0.0,0,16,0.0,0,0.0,flat,stable
single_squad_dev_234,Who orchestrated Chopiniana?,squad,0,1.0,1.0,0.0,0,16,0.0,0,0.0,flat,stable
single_squad_dev_2351,During what century was the Roman conversion to Christianity considered complete?,squad,0,0.0,0.0,0.0,0,16,0.0,0,0.0,flat,stable
single_squad_dev_2370,Who conquered Jerusalem from the Turks?,squad,0,0.3333333333333333,0.3333333333333333,0.0,0,1,0.3333333333333333,0,0.5622988505747125,fall_then_plateau,mildly_oscillating
single_squad_dev_2401,How many times could it add or subtract a second?,squad,0,0.0,0.0,0.0,0,16,0.0,0,0.0,flat,stable
single_squad_dev_2406,A circuit in a computer part represents what?,squad,4,0.7499999999999999,0.0,0.7499999999999999,4,7,0.45588235294117635,5,2.410815939278937,oscillating,highly_oscillating
single_squad_dev_2430,What are Afro-Spaniards?,squad,9,0.125,0.06741573033707865,0.05758426966292135,9,6,0.059782608695652176,0,0.25642460842433246,rise_then_plateau,stable
single_squad_dev_244,Chopin was noted as introducing music to what?,squad,7,0.25,0.0,0.25,7,1,0.25,1,0.5,rise_then_fall,mildly_oscillating
single_squad_dev_2462,What is the name of the travel magazine sold by The Times?,squad,1,1.0,0.8571428571428571,0.1428571428571429,1,1,0.5,1,0.7095238095238096,rise_then_fall,mildly_oscillating
single_squad_dev_247,Who said Chopin was unlike his romantic contemporaries Liszt and Henri Herz?,squad,0,0.0,0.0,0.0,0,16,0.0,0,0.0,flat,stable
single_squad_dev_2511,How far do British chaffinch more in their lives?,squad,0,0.0,0.0,0.0,0,16,0.0,0,0.0,flat,stable
single_squad_dev_2512,Why are the waxwing Bombycilla not migrating for?,squad,7,0.14285714285714288,0.0,0.14285714285714288,7,2,0.14285714285714288,3,0.6681718664477286,oscillating,mildly_oscillating
single_squad_dev_2545,Most graduate schools specializing in immunology follow what organization's parameters?,squad,0,0.28571428571428575,0.28571428571428575,0.0,0,4,0.28571428571428575,2,0.8571428571428572,other,mildly_oscillating
single_squad_dev_26,How many seats are in Notre Dame Stadium?,squad,0,0.0,0.0,0.0,0,16,0.0,0,0.0,flat,stable
single_squad_dev_2610,In which year was Hidalgo turned over?,squad,0,0.0,0.0,0.0,0,16,0.0,0,0.0,flat,stable
single_squad_dev_2626,In what year did Wembley Stadium open?,squad,0,1.0,1.0,0.0,0,1,1.0,0,1.0,fall_then_plateau,mildly_oscillating
single_squad_dev_2687,What is something that may alter the intended meaning of a message?,squad,10,0.07407407407407407,0.0,0.07407407407407407,10,2,0.07407407407407407,1,0.14814814814814814,rise_then_fall,stable
single_squad_dev_2693,Which book of the Bible talks about the use of wine during Jewish feasts?,squad,9,1.0,0.0,1.0,9,7,0.0,0,1.0,rise_then_plateau,mildly_oscillating
single_squad_dev_2696,Technology that is used to implement secure operating systems is one use of what term?,squad,2,1.0,0.0,1.0,2,14,0.0,0,1.0,rise_then_plateau,mildly_oscillating
single_squad_dev_2702,What is the name of the parent company that created Ashley Madison?,squad,0,1.0,1.0,0.0,0,10,0.5384615384615385,1,1.076923076923077,other,mildly_oscillating
single_squad_dev_2704,"Who said ""industry only responds when you threaten regulation""?",squad,1,0.5,0.0,0.5,1,15,0.0,0,0.5,rise_then_plateau,mildly_oscillating
single_squad_dev_2719,what sometimes prefers a more lenient position on Dietray laws?,squad,4,1.0,0.0,1.0,4,8,1.0,2,3.0,rise_then_plateau_then_fall,mildly_oscillating
single_squad_dev_2730,"In which group does the anus form first, with the mouth developing secondarily?",squad,0,1.0,1.0,0.0,0,16,0.0,0,0.0,flat,stable
single_squad_dev_2734,What would you call a microbrewery that also has a restaurant or a pub?,squad,0,1.0,1.0,0.0,0,6,0.8571428571428571,4,4.285714285714286,oscillating,highly_oscillating
single_squad_dev_2737,What would you call a mixture of ingredients used for brewing before the 16th century?,squad,3,1.0,0.0,1.0,3,3,0.8571428571428571,5,5.285714285714285,oscillating,highly_oscillating
single_squad_dev_2738,What type of starch is used to make the beer Oshikundu?,squad,9,1.0,0.5,0.5,9,2,0.8181818181818181,2,2.187812262409037,rise_then_fall,mildly_oscillating
single_squad_dev_2741,What does a grains starch become after an is malted?,squad,1,1.0,0.0,1.0,1,1,0.75,2,1.8333333333333333,rise_then_fall,mildly_oscillating
single_squad_dev_2779,What percentage of Imperial's staff was deemed to be internationally excellent in 2008?,squad,0,0.0,0.0,0.0,0,16,0.0,0,0.0,flat,stable
single_squad_dev_2783,Where was the FIG founded?,squad,0,0.0,0.0,0.0,0,16,0.0,0,0.0,flat,stable
single_squad_dev_2786,How do you avoid injuries?,squad,0,0.0,0.0,0.0,0,16,0.0,0,0.0,flat,stable
single_squad_dev_2790,What kind of routines do general gymnastic groups perform?,squad,6,1.0,0.18181818181818182,0.8181818181818181,6,4,0.8571428571428571,9,6.555624359105136,oscillating,highly_oscillating
single_squad_dev_2791,Who governs all events in gymnastics?,squad,1,0.8000000000000002,0.22222222222222224,0.577777777777778,1,1,0.8000000000000002,2,2.1777777777777785,rise_then_fall,mildly_oscillating
single_squad_dev_2802,What field of study studies the organizational role of emotions?,squad,0,0.0,0.0,0.0,0,16,0.0,0,0.0,flat,stable
single_squad_dev_2813,When did Barcelona win the Spanish League?,squad,6,1.0,0.04255319148936171,0.9574468085106382,6,10,0.0,0,1.0425531914893618,rise_then_plateau,mildly_oscillating
single_squad_dev_2830,"Besides the areas of Spain, what other differences are there between Barcelona and Real Madrid?",squad,5,0.02105263157894737,0.0,0.02105263157894737,5,11,0.02105263157894737,0,0.04210526315789474,flat,stable
single_squad_dev_2834,What group elects the club president?,squad,0,0.6666666666666666,0.6666666666666666,0.0,0,2,0.6666666666666666,1,1.3333333333333333,other,mildly_oscillating
single_squad_dev_2836,What was a match between Real Madrid and Barcelona called in 2002?,squad,0,0.0,0.0,0.0,0,16,0.0,0,0.0,flat,stable
single_squad_dev_2840,What company did critics suggest pressured Everton FC to change their crest?,squad,2,0.6666666666666666,0.0,0.6666666666666666,2,14,0.0,0,0.6666666666666666,rise_then_plateau,mildly_oscillating
single_squad_dev_2904,Why use two consecutive year dates?,squad,0,0.13333333333333333,0.13333333333333333,0.0,0,1,0.0903225806451613,4,0.44130790342515475,oscillating,highly_oscillating
single_squad_dev_2906,On what day did both the Julian and Gregorian calendars add leap day?,squad,0,0.5,0.5,0.0,0,16,0.0,0,0.0,flat,stable
single_squad_dev_2931,What precipitated the Persian Gulf War?,squad,0,0.75,0.75,0.0,0,2,0.6740506329113924,3,2.13355602009145,oscillating,mildly_oscillating
single_squad_dev_2937,The NVA was aided by military and financial aid from what two countries?,squad,0,1.0,1.0,0.0,0,1,0.7391304347826086,0,0.7391304347826086,fall_then_plateau,mildly_oscillating
single_squad_dev_2952,Who were two of the military leaders tasked with overseeing American policy of putting Indians on reservations?,squad,0,0.8571428571428571,0.8571428571428571,0.0,0,1,0.8571428571428571,2,1.4645502645502644,other,mildly_oscillating
single_squad_dev_2962,Adrenalize topped US album charts for how long?,squad,0,0.5,0.5,0.0,0,1,0.5,0,0.5,fall_then_plateau,mildly_oscillating
single_squad_dev_2972,"The hit single ""Amanda"" was recorded by what band?",squad,0,1.0,1.0,0.0,0,1,1.0,1,2.0,other,mildly_oscillating
single_squad_dev_2982,What does the acronym LEDs stand for?,squad,0,0.4,0.4,0.0,0,1,0.17777777777777778,0,0.17777777777777778,fall_then_plateau,stable
single_squad_dev_2987,When do we rely on agricultural diversity to replant the land with something new?,squad,4,1.0,0.15384615384615385,0.8461538461538461,4,1,0.8412698412698413,8,4.955836519335257,oscillating,highly_oscillating
single_squad_dev_2989,What can cause a break down of a biodiversity system?,squad,1,0.4210526315789474,0.10526315789473685,0.31578947368421056,1,2,0.21052631578947373,1,0.6828444945996122,rise_then_fall,mildly_oscillating
single_squad_dev_2990,What animal can its feeding habits disturbed by the Prunus spinosa?,squad,11,0.2,0.0,0.2,11,2,0.2,6,0.8025699168556312,oscillating,highly_oscillating
single_squad_dev_3004,Why did the committee debate adding a shift function?,squad,2,0.14545454545454545,0.11764705882352941,0.027807486631016037,2,7,0.09417249417249417,2,0.366401691970177,rise_then_plateau_then_fall,mildly_oscillating
single_squad_dev_3021,What agency had Dr. T.R.M. Howard criticized?,squad,5,1.0,0.33333333333333337,0.6666666666666666,5,11,0.0,1,1.3333333333333335,rise_then_plateau,mildly_oscillating
single_squad_dev_3047,What is one area in which peer groups can have positive influences on an individual?,squad,9,0.4,0.0,0.4,9,1,0.3375,2,1.0867647058823529,rise_then_fall,mildly_oscillating
single_squad_dev_3065,Do boys or girls grow muscle faster during puberty?,squad,0,1.0,1.0,0.0,0,16,0.0,0,0.0,flat,stable
single_squad_dev_3128,What is the name of a popular arcade located within the Hoddle Grid?,squad,6,1.0,0.3333333333333333,0.6666666666666667,6,1,1.0,5,4.809540846750149,oscillating,highly_oscillating
single_squad_dev_319,What sound do users here when uncovering secrets in the game?,squad,0,0.6666666666666666,0.6666666666666666,0.0,0,1,0.6666666666666666,0,0.6666666666666666,fall_then_plateau,mildly_oscillating
single_squad_dev_3204,What was one of the most often seen weapons that was used both on land and sea?,squad,4,0.6,0.0,0.6,4,12,0.0,0,0.6,rise_then_plateau,mildly_oscillating
single_squad_dev_3207,What affected the effective ceiling for heavy AA guns?,squad,7,0.03508771929824561,0.0,0.03508771929824561,7,9,0.03508771929824561,0,0.2653532233548493,flat,stable
single_squad_dev_3229,"Which Sanskrit linguist describes Sanskrit as a ""particularly refined or perfected manner of speaking?""",squad,1,1.0,0.0,1.0,1,15,0.0,0,1.0,rise_then_plateau,mildly_oscillating
single_squad_dev_3232,What is the credit towards in study in the U.S.?,squad,0,0.0,0.0,0.0,0,16,0.0,0,0.0,flat,stable
single_squad_dev_3241,What is the city of Valencia the capital of?,squad,3,1.0,0.5714285714285715,0.4285714285714285,3,3,0.6363636363636365,3,2.8441558441558445,oscillating,mildly_oscillating
single_squad_dev_3270,When are firewords heard every day?,squad,0,0.25,0.25,0.0,0,1,0.25,0,0.25,fall_then_plateau,stable
single_squad_dev_3275,What designation did the EPA give to the site of GE's Hudson River pollution,squad,0,0.6666666666666666,0.6666666666666666,0.0,0,1,0.49999999999999994,1,0.9999999999999999,other,mildly_oscillating
single_squad_dev_3302,What was the maximum effective range of the Chassepot rifle?,squad,0,0.0,0.0,0.0,0,16,0.0,0,0.0,flat,stable
single_squad_dev_3354,In what city was uranium discovered?,squad,0,0.0,0.0,0.0,0,16,0.0,0,0.0,flat,stable
single_squad_dev_3370,Who can individuals can not derive precedence from?,squad,9,0.05128205128205128,0.0,0.05128205128205128,9,7,0.006837606837606834,0,0.26691682301438396,rise_then_plateau,stable
single_squad_dev_3373,What did the Enlightenment mean for moderate Christians?,squad,9,0.16,0.020202020202020204,0.1397979797979798,9,2,0.06123456790123456,0,0.2929171660635834,rise_then_plateau,stable
single_squad_dev_3379,Who wrote Discourse on Inequality?,squad,0,0.6666666666666666,0.6666666666666666,0.0,0,16,0.0,0,0.0,flat,stable
single_squad_dev_3387,"Which Enlightenment philosopher advocated democracy, individual liberty, freedom of expression, and eradication of religious authority?",squad,1,1.0,0.0,1.0,1,15,0.0,0,1.0,rise_then_plateau,mildly_oscillating
single_squad_dev_3429,What institution was being criticized during the time of Charles and Diana's breakup?,squad,0,0.0,0.0,0.0,0,16,0.0,0,0.0,flat,stable
single_squad_dev_3462,How could Kinsey have avoided losing this crucial information?,squad,3,0.18518518518518517,0.08571428571428572,0.09947089947089946,3,4,0.06890611541774332,0,0.3105536514537297,rise_then_plateau,mildly_oscillating
single_squad_dev_3468,What did he propose to measure attraction?,squad,4,0.22222222222222218,0.02666666666666667,0.1955555555555555,4,1,0.22222222222222218,3,0.5792192192192192,oscillating,mildly_oscillating
single_squad_dev_3492,What does Dell aim to reduce by creating energy efficient products?,squad,1,0.8571428571428571,0.0,0.8571428571428571,1,15,0.0,0,0.8571428571428571,rise_then_plateau,mildly_oscillating
single_squad_dev_3500,How many people were killed in the largest mass execution in US history?,squad,0,1.0,1.0,0.0,0,1,1.0,3,4.0,oscillating,mildly_oscillating
single_squad_dev_3509,What percentage of American prison inmates are African American?,squad,0,0.0,0.0,0.0,0,16,0.0,0,0.0,flat,stable
single_squad_dev_3517,Rivals in what self-identified era enjoyed much stronger 3rd party support?,squad,0,0.5,0.5,0.0,0,4,0.47101449275362317,3,1.8367658276125096,oscillating,mildly_oscillating
single_squad_dev_3545,"By tradition, when a Sephardic or Mizrahi woman marries into an Orthodox or Haredi Ashkenazi Jewish family she raises her children to be which type of Jew?",squad,0,1.0,1.0,0.0,0,16,0.0,0,0.0,flat,stable
single_squad_dev_3575,What does this Gospel show that Athanasius also believed?,squad,1,1.0,0.4,0.6,1,13,0.7142857142857142,2,2.0285714285714285,rise_then_plateau_then_fall,mildly_oscillating
single_squad_dev_3601,What anime convention is held in Seattle?,squad,0,1.0,1.0,0.0,0,1,1.0,5,5.0,oscillating,highly_oscillating
single_squad_dev_3606,What kind of hospital is Seattle Children's?,squad,0,0.4,0.4,0.0,0,1,0.4,2,0.8615384615384616,other,mildly_oscillating
single_squad_dev_3641,"Left untreated, how long were diabetic patients were expected to live?",squad,0,0.2,0.2,0.0,0,1,0.2,0,0.2,fall_then_plateau,stable
single_squad_dev_3647,What is the name of the plant that produces morphine?,squad,0,0.6666666666666666,0.6666666666666666,0.0,0,1,0.41666666666666663,2,1.25,other,mildly_oscillating
single_squad_dev_3649,What award did Domagk receive in 1939?,squad,0,0.8,0.8,0.0,0,16,0.0,0,0.0,flat,stable
single_squad_dev_3656,What period was the report issued in 1958 cover?,squad,0,0.0,0.0,0.0,0,16,0.0,0,0.0,flat,stable
single_squad_dev_3658,How much money was recovered through the False Claims?,squad,3,0.5,0.04081632653061224,0.45918367346938777,3,13,0.0,0,0.5408163265306123,rise_then_plateau,mildly_oscillating
single_squad_dev_3662,What can be used to evaluate new approval processes?,squad,0,0.0,0.0,0.0,0,16,0.0,0,0.0,flat,stable
single_squad_dev_3671,What type of organizations are multinational corporations increasingly rely on?,squad,0,0.0,0.0,0.0,0,16,0.0,0,0.0,flat,stable
single_squad_dev_3674,Why are these companies rewarded?,squad,5,0.1111111111111111,0.09876543209876543,0.012345679012345678,5,1,0.073015873015873,0,0.285930986526295,fall_then_plateau,stable
single_squad_dev_3676,In what year CE did the Second Muslim Civil War end?,squad,0,0.6666666666666666,0.6666666666666666,0.0,0,1,0.6666666666666666,8,6.0,oscillating,highly_oscillating
single_squad_dev_3685,Who was the son of Yazid?,squad,3,0.4,0.0,0.4,3,13,0.0,0,0.4,rise_then_plateau,mildly_oscillating
single_squad_dev_3696,What is the area amount of the Canadian asphalt deposits?,squad,0,0.28571428571428575,0.28571428571428575,0.0,0,1,0.28571428571428575,0,0.28571428571428575,fall_then_plateau,stable
single_squad_dev_3737,When did Celcil Woodham-Smith also write a well recieved biography about Victoria? ,squad,0,0.0,0.0,0.0,0,16,0.0,0,0.0,flat,stable
single_squad_dev_3740,What was Victoria's allowance upon becoming Queen? ,squad,0,0.0,0.0,0.0,0,16,0.0,0,0.0,flat,stable
single_squad_dev_3779,What can happen if two over-lapping Grand Lodges are in Amity and decide to share jurisdiction?,squad,3,0.45454545454545453,0.1818181818181818,0.2727272727272727,3,1,0.45454545454545453,8,2.520434713199624,oscillating,highly_oscillating
single_squad_dev_3780,"Who brought the message of mixed gender, practicing masonic lodges to the English speaking?",squad,0,0.0,0.0,0.0,0,16,0.0,0,0.0,flat,stable
single_squad_dev_3792,Justice Secretary Jack Straw ended the Masonic disclosure law on what grounds?,squad,1,0.034482758620689655,0.0,0.034482758620689655,1,15,0.034482758620689655,0,0.1324575807334428,flat,stable
single_squad_dev_3794,When did the United Grand Lodge of England recognize the two female Masonic lodges?,squad,0,0.0,0.0,0.0,0,16,0.0,0,0.0,flat,stable
single_squad_dev_3807,PLO supported who during the Gulf War?,squad,1,1.0,0.0,1.0,1,7,0.8333333333333333,4,3.9999999999999996,oscillating,highly_oscillating
single_squad_dev_3842,What years did Queen Teutra reign?,squad,0,0.4000000000000001,0.4000000000000001,0.0,0,1,0.4000000000000001,0,0.5854617604617606,fall_then_plateau,mildly_oscillating
single_squad_dev_3845,The Syrian was were fought between Ptolemy II and whom?,squad,0,0.0,0.0,0.0,0,16,0.0,0,0.0,flat,stable
single_squad_dev_386,How many people were buried under rubble in Mianyang City?,squad,0,0.0,0.0,0.0,0,16,0.0,0,0.0,flat,stable
single_squad_dev_3861,In what region did the Romans aim to re-bolster the influence after the Second Punic war?,squad,0,0.0,0.0,0.0,0,16,0.0,0,0.0,flat,stable
single_squad_dev_3887,What was the name of the treaty signed by the Austrians as a result of their defeat at Hohenlinden?,squad,0,0.6666666666666666,0.6666666666666666,0.0,0,4,0.6666666666666666,1,1.3333333333333333,other,mildly_oscillating
single_squad_dev_3936,What are several of the gates backed policies ,squad,1,0.8461538461538461,0.15789473684210525,0.688259109311741,1,10,0.10541310541310533,2,0.9617633828160144,rise_then_plateau_then_fall,mildly_oscillating
single_squad_dev_3996,Where is the Montevideo Cabildo located?,squad,6,0.28571428571428575,0.0,0.28571428571428575,6,1,0.28571428571428575,7,1.9683982683982686,oscillating,highly_oscillating
single_squad_dev_3997,Manolita Pina Torres was the widow of who?,squad,1,0.4,0.0,0.4,1,15,0.0,0,0.4,rise_then_plateau,mildly_oscillating
single_squad_dev_4014,How often are pigeons able to breed for the consumption process ?,squad,2,0.06349206349206349,0.0,0.06349206349206349,2,1,0.06349206349206349,2,0.25417710944026733,rise_then_fall,mildly_oscillating
single_squad_dev_4030,What book by Nick Hornby has twice been adapted for film?,squad,5,1.0,0.0,1.0,5,11,0.0,0,1.0,rise_then_plateau,mildly_oscillating
single_squad_dev_4039,What group of languages have to comply with Grimm's law?,squad,0,0.6666666666666666,0.6666666666666666,0.0,0,16,0.0,0,0.0,flat,stable
single_squad_dev_4062,What language other than Dutch also employs final-obstruent devoicing?,squad,0,1.0,1.0,0.0,0,3,0.75,3,3.0,oscillating,mildly_oscillating
single_squad_dev_4066,"Together, what percentage of Dutch loanwords comes from High and Low German?",squad,3,1.0,0.0,1.0,3,13,0.0,0,1.0,rise_then_plateau,mildly_oscillating
single_squad_dev_408,What were the Chinese setting up to take in donations?,squad,0,0.0,0.0,0.0,0,16,0.0,0,0.0,flat,stable
single_squad_dev_4084,What types of feathers did debutantes wear in their hair?,squad,0,1.0,1.0,0.0,0,1,0.9622641509433962,4,4.233771865061488,oscillating,highly_oscillating
single_squad_dev_4085,Where do state banquets take place?,squad,5,0.22222222222222224,0.0,0.22222222222222224,5,2,0.1851851851851852,3,0.8271906052393858,oscillating,mildly_oscillating
single_squad_dev_4098,What is the theoretical maximum efficiency of reflective capsule bulbs?,squad,2,1.0,0.0,1.0,2,6,0.9183673469387755,5,4.122448979591836,oscillating,highly_oscillating
single_squad_dev_4108,How many thousands of years ago may have clothing been worn?,squad,0,0.0,0.0,0.0,0,16,0.0,0,0.0,flat,stable
single_squad_dev_4112,What is a common opinion about men wearing women's clothing?,squad,4,0.2857142857142857,0.0,0.2857142857142857,4,1,0.26039783001808314,4,1.1398432790837854,oscillating,highly_oscillating
single_squad_dev_412,How much did Jackie Chan donate to support?,squad,0,0.5,0.5,0.0,0,1,0.5,0,0.5,fall_then_plateau,mildly_oscillating
single_squad_dev_4133,"Who were the Cubs involved with for a tight pennant race on September 23, 1908?",squad,0,1.0,1.0,0.0,0,16,0.0,0,0.0,flat,stable
single_squad_dev_4138,When did Kerry Wood strike out 20 batters against Houston?,squad,0,1.0,1.0,0.0,0,16,0.0,0,0.0,flat,stable
single_squad_dev_4143,How much money has been funded to the renovation of Wrigley Field?,squad,0,1.0,1.0,0.0,0,16,0.0,0,0.0,flat,stable
single_squad_dev_4157,Which political figure supported the Saar Statute referendum?,squad,0,0.8,0.8,0.0,0,1,0.8,0,0.8,fall_then_plateau,mildly_oscillating
single_squad_dev_4162,What does a Kommunalverband besonderer Art require?,squad,1,0.7272727272727273,0.0,0.7272727272727273,1,3,0.5818181818181818,4,1.8526481270667317,oscillating,highly_oscillating
single_squad_dev_4176,Who did America support during the Chinese Civil War?,squad,0,0.6666666666666666,0.6666666666666666,0.0,0,1,0.6666666666666666,0,0.6666666666666666,fall_then_plateau,mildly_oscillating
single_squad_dev_4192,Who did the PVA 13th Army Group force out of northwest Korea?,squad,3,1.0,0.0,1.0,3,13,0.0,2,1.25,rise_then_plateau,mildly_oscillating
single_squad_dev_4216,Shell purchased what in 2005?,squad,2,1.0,0.0,1.0,2,1,1.0,5,6.0,oscillating,highly_oscillating
single_squad_dev_4265,What was the first theater of modern Greece?,squad,0,0.0,0.0,0.0,0,16,0.0,0,0.0,flat,stable
single_squad_dev_4269,How many teams are in the Greek Super League?,squad,0,0.0,0.0,0.0,0,16,0.0,0,0.0,flat,stable
single_squad_dev_4278,How long ago does oldest know fossil date back to?,squad,12,0.5714285714285715,0.2,0.3714285714285715,12,1,0.12698412698412703,6,1.354978354978355,oscillating,highly_oscillating
single_squad_dev_4282,What is the given name of a lion and tiger hybrid?,squad,0,1.0,1.0,0.0,0,1,0.875,4,1.825,oscillating,highly_oscillating
single_squad_dev_4289,as times has past what has become know as the richest ship ever taken by Pirates?,squad,0,1.0,1.0,0.0,0,1,1.0,1,2.0,other,mildly_oscillating
single_squad_dev_4407,Who was the president of Yale at the time of the attack?,squad,0,0.0,0.0,0.0,0,16,0.0,0,0.0,flat,stable
single_squad_dev_4411,What was the distinguishing issue of the lawsuit over which 18 white firefighters in New Haven sought relief from the U.S. Supreme Court?,squad,0,0.5,0.5,0.0,0,1,0.5,0,0.5909090909090909,fall_then_plateau,mildly_oscillating
single_squad_dev_4432,"Yale also has a theater managed by its' own student, then name?",squad,0,0.4,0.4,0.0,0,2,0.4,5,2.180780780780781,oscillating,highly_oscillating
single_squad_dev_4462,How many Model 400 fuel cell lies within New Haven?,squad,1,1.0,0.0,1.0,1,15,0.0,0,1.0,rise_then_plateau,mildly_oscillating
single_squad_dev_4471,Who did Brigham Young hope to educate via BYU?,squad,0,0.46153846153846156,0.46153846153846156,0.0,0,3,0.46153846153846156,4,1.0615384615384613,oscillating,highly_oscillating
single_squad_dev_4485,Which notable former BYU student invented the man-made diamond?,squad,1,0.8,0.0,0.8,1,15,0.0,0,0.8,rise_then_plateau,mildly_oscillating
single_squad_dev_4495,What did former BYU graduate Harvey Fletcher invent?,squad,0,0.6666666666666666,0.6666666666666666,0.0,0,1,0.6666666666666666,3,1.272727272727273,oscillating,mildly_oscillating
single_squad_dev_4540,What did the rebellion lead to ,squad,6,0.1904761904761905,0.08333333333333333,0.10714285714285716,6,1,0.15599343185550082,10,1.12530240506017,oscillating,highly_oscillating
single_squad_dev_4561,Who created the costumes for Queen's 1975 tour?,squad,1,1.0,0.5714285714285715,0.4285714285714285,1,15,0.0,0,0.4285714285714285,rise_then_plateau,mildly_oscillating
single_squad_dev_4598,"Which two towns have Presbyterian people, but no churches?",squad,0,0.28571428571428575,0.28571428571428575,0.0,0,1,0.28571428571428575,0,0.46349206349206357,fall_then_plateau,mildly_oscillating
single_squad_dev_4623,What is an organism at the top of the food chain called?,squad,0,1.0,1.0,0.0,0,1,0.6666666666666666,0,0.6666666666666666,fall_then_plateau,mildly_oscillating
single_squad_dev_4633,What other factor is relevant to the competitive exclusion principle?,squad,0,0.0,0.0,0.0,0,16,0.0,0,0.0,flat,stable
single_squad_dev_4639,None of the Fantastic Four had what hidden element so common to other superheroes?,squad,2,1.0,0.0,1.0,2,14,0.0,0,1.0,rise_then_plateau,mildly_oscillating
single_squad_dev_4668,How many people were in the Dominions' armies?,squad,0,0.02247191011235955,0.02247191011235955,0.0,0,16,0.02247191011235955,0,0.02247191011235955,flat,stable
single_squad_dev_467,"Between 1892-1924, how many immigrants came through Ellis Island?",squad,1,1.0,0.5714285714285715,0.4285714285714285,1,1,0.8367346938775511,6,3.816326530612244,oscillating,highly_oscillating
single_squad_dev_4682,Where was the first European botany garden at a university?,squad,0,0.5714285714285715,0.5714285714285715,0.0,0,1,0.5714285714285715,0,0.5714285714285715,fall_then_plateau,mildly_oscillating
single_squad_dev_4698,Which year did Madonna sign a $120 million deal with Live Nation?,squad,0,1.0,1.0,0.0,0,16,0.0,0,0.0,flat,stable
single_squad_dev_470,"In 2013, how many people of Puerto Rican ancestry lived in New York City?",squad,0,0.5,0.5,0.0,0,1,0.5,0,0.5,fall_then_plateau,mildly_oscillating
single_squad_dev_4737,Who came up with an explanation of the origins of London's name that contradicted earlier assumptions,squad,0,0.0,0.0,0.0,0,16,0.0,0,0.0,flat,stable
single_squad_dev_4754,Which Jewish synagogue boasts the largest membership in Europe?,squad,11,1.0,0.22222222222222224,0.7777777777777778,11,5,0.0,1,1.3469993289234017,other,mildly_oscillating
single_squad_dev_4770,Who's responsibility is case law?,squad,0,0.6666666666666666,0.6666666666666666,0.0,0,1,0.6666666666666666,0,0.8335781905519423,fall_then_plateau,mildly_oscillating
single_squad_dev_4772,What happens when an unconstitutional statute remains on the books?,squad,2,0.044444444444444446,0.0,0.044444444444444446,2,14,0.044444444444444446,0,0.19262600229095075,flat,stable
single_squad_dev_4776,Some reception statutes impose what?,squad,0,0.0,0.0,0.0,0,16,0.0,0,0.0,flat,stable
single_squad_dev_4800,How can one prove their race in Burma ?,squad,10,0.16666666666666666,0.10256410256410256,0.0641025641025641,10,6,0.03900709219858153,1,0.33424286098150824,rise_then_plateau,mildly_oscillating
single_squad_dev_4802,Are the separate religious factions in Burma able to peacefully coexist ?,squad,12,0.1111111111111111,0.0,0.1111111111111111,12,1,0.1111111111111111,3,0.46250432817597,oscillating,mildly_oscillating
single_squad_dev_481,"In 2013-4, what percentage of New York state tax revenues came from the securities business on Wall Street?",squad,1,1.0,0.0,1.0,1,15,0.0,0,1.0,rise_then_plateau,mildly_oscillating
single_squad_dev_4824,When did a small-scale exodus begin in many countries?,squad,1,0.6666666666666665,0.09090909090909091,0.5757575757575756,1,15,0.0,0,0.5757575757575756,rise_then_plateau,mildly_oscillating
single_squad_dev_4849,What type of people was the new paper supposed to attract?,squad,0,0.0,0.0,0.0,0,16,0.0,0,0.0,flat,stable
single_squad_dev_485,Approximately how many feature films are made in New York City every year?,squad,0,1.0,1.0,0.0,0,1,1.0,1,2.0,other,mildly_oscillating
single_squad_dev_4863,What had happened to Frank Bruno to spur the publishing of a story about him?,squad,10,0.05063291139240506,0.0,0.05063291139240506,10,2,0.05063291139240506,0,0.10126582278481013,rise_then_plateau,stable
single_squad_dev_4871,What was the title of the front page story on Contostavlos?,squad,0,0.0,0.0,0.0,0,16,0.0,0,0.0,flat,stable
single_squad_dev_4891,What type of bands play for dancers in the streets?,squad,0,0.0,0.0,0.0,0,16,0.0,0,0.0,flat,stable
single_squad_dev_4894,What is an element of Peruvian's Carnival not found in any other country's celebrations?,squad,1,0.038461538461538464,0.0,0.038461538461538464,1,15,0.038461538461538464,0,0.14709851551956815,flat,stable
single_squad_dev_4907,Biological and botanical derivatives have what positive effects?,squad,0,0.13333333333333333,0.13333333333333333,0.0,0,2,0.09251700680272108,1,0.1850340136054422,other,stable
single_squad_dev_4925,What has been the effect of Yale and New Haven's relationship on Yale?,squad,14,0.09523809523809525,0.07894736842105263,0.01629072681704262,14,2,0.045855379188712526,0,0.292005723480907,fall_then_plateau,stable
single_squad_dev_4950,Which conflict in France resulted in the establishment of permanent armies?,squad,0,1.0,1.0,0.0,0,1,1.0,4,1.5573122529644268,oscillating,highly_oscillating
single_squad_dev_4951,The use of paid mercenaries and domestic retinues replaced which method of raising troops?,squad,3,1.0,0.28571428571428575,0.7142857142857142,3,13,0.0,0,0.7142857142857143,rise_then_plateau,mildly_oscillating
single_squad_dev_4960,Which Hungarian ruler was killed at the Battle of Varna?,squad,0,0.0,0.0,0.0,0,16,0.0,0,0.0,flat,stable
single_squad_dev_4965,What percentage makes up for the whites living in the city?,squad,0,0.0,0.0,0.0,0,16,0.0,0,0.0,flat,stable
single_squad_dev_4977,What building style was the Hanseatic League connected with in Germany and Scandinavia?,squad,0,0.0,0.0,0.0,0,16,0.0,0,0.0,flat,stable
single_squad_dev_5020,When are Zintl considered alloys?,squad,1,0.6153846153846153,0.0,0.6153846153846153,1,2,0.6153846153846153,5,1.6021378472607064,oscillating,highly_oscillating
single_squad_dev_5022,Steel and other very practical metals are also named what?,squad,8,1.0,0.0,1.0,8,8,0.0,0,1.0,rise_then_plateau,mildly_oscillating
single_squad_dev_5024,Copper and zinc combine to make what?,squad,0,1.0,1.0,0.0,0,5,1.0,1,2.0,other,mildly_oscillating
single_squad_dev_5028,Heat treatment of steel has been know since what time?,squad,0,0.28571428571428575,0.28571428571428575,0.0,0,1,0.28571428571428575,0,0.28571428571428575,fall_then_plateau,stable
single_squad_dev_5035,What other types of petrels breed on Phillip Island?,squad,2,0.6666666666666665,0.0,0.6666666666666665,2,1,0.4057971014492752,3,1.3749804733786424,oscillating,mildly_oscillating
single_squad_dev_5052,What was the Revolution Society commemorating?,squad,2,0.5333333333333333,0.22222222222222224,0.3111111111111111,2,14,0.0,1,0.7555555555555555,rise_then_plateau,mildly_oscillating
single_squad_dev_5055,Who thought Burke and Fox shouldn't have made their argument public?,squad,13,1.0,0.0,1.0,13,3,0.0,0,1.0,rise_then_plateau,mildly_oscillating
single_squad_dev_5059,What political party was Gladstone in?,squad,0,0.6666666666666666,0.6666666666666666,0.0,0,16,0.0,0,0.0,flat,stable
single_squad_dev_5074,Which Vatican strove to avoid offending other Christian faiths with counsel session language?,squad,0,0.4,0.4,0.0,0,1,0.3666666666666667,0,0.3907078714373548,fall_then_plateau,mildly_oscillating
single_squad_dev_5106,What was Jacobi's improved motor used to propel?,squad,1,1.0,0.0,1.0,1,15,0.0,0,1.0,rise_then_plateau,mildly_oscillating
single_squad_dev_511,What is the only other work Harper Lee published?,squad,0,1.0,1.0,0.0,0,16,0.0,0,0.0,flat,stable
single_squad_dev_5145,What do some news commentators claim is violated by the restricted immigration proposal?,squad,7,0.2857142857142857,0.0,0.2857142857142857,7,5,0.20408163265306123,4,0.8960633433701349,oscillating,highly_oscillating
single_squad_dev_5186,What mountains are the city near?,squad,2,1.0,0.0,1.0,2,1,0.9770114942528736,9,5.292421987880357,oscillating,highly_oscillating
single_squad_dev_5200,Who resided at the School of Salerno in Regimen sanitatis Salernitanum?,squad,7,0.5,0.0,0.5,7,1,0.5,1,1.0,rise_then_fall,mildly_oscillating
single_squad_dev_5236,What did some feel the Russian army was only good for?,squad,0,0.0,0.0,0.0,0,16,0.0,0,0.0,flat,stable
single_squad_dev_5292,What was Avicenna's birthplace?,squad,1,1.0,0.33333333333333337,0.6666666666666666,1,15,0.0,0,0.6666666666666666,rise_then_plateau,mildly_oscillating
single_squad_dev_5296,What is the shorter form of Al-Shifa called?,squad,0,0.0,0.0,0.0,0,16,0.0,0,0.0,flat,stable
single_squad_dev_5297,What appeared at the end of the late Eastern Han period?,squad,6,0.16666666666666666,0.0,0.16666666666666666,6,2,0.16666666666666666,5,0.9267399267399266,oscillating,highly_oscillating
single_squad_dev_5348,Who led Eastern Nigeria during the Nigerian Civil War?,squad,0,0.5714285714285715,0.5714285714285715,0.0,0,16,0.0,0,0.0,flat,stable
single_squad_dev_5359,What was the last African country to still have significant Polio problems?,squad,0,1.0,1.0,0.0,0,1,1.0,1,2.0,other,mildly_oscillating
single_squad_dev_5376,What is the name of Von Neumann's last work?,squad,0,1.0,1.0,0.0,0,1,1.0,0,1.0930232558139537,fall_then_plateau,mildly_oscillating
single_squad_dev_5386,What paper did von Neumann produce in 1932?,squad,0,1.0,1.0,0.0,0,1,1.0,1,1.1818181818181819,other,mildly_oscillating
single_squad_dev_5388,What was the significance of von Neumann's model of expanding economy?,squad,5,0.12371134020618556,0.09803921568627451,0.02567212451991105,5,11,0.03382369975674736,0,0.22342982123683425,flat,stable
single_squad_dev_5411,How can electrolytic capacitors be safely used after having been stored unused for a long time?,squad,0,0.14285714285714285,0.14285714285714285,0.0,0,4,0.062049062049062034,0,0.16250170159344673,rise_then_plateau,stable
single_squad_dev_5446,What was the work of Theophrastus on rocks called?,squad,2,0.125,0.0,0.125,2,1,0.125,1,0.25,rise_then_fall,stable
single_squad_dev_5467,What a few exceptions where is the primary word stress in Czech?,squad,10,0.5,0.16666666666666669,0.3333333333333333,10,1,0.4310344827586207,4,1.3840469874952634,oscillating,highly_oscillating
single_squad_dev_5501,What name did Paul Ehrenfest give to the proofs from Einstein and Rayleigh & Jeans?,squad,1,1.0,0.0,1.0,1,15,0.0,0,1.0,rise_then_plateau,mildly_oscillating
single_squad_dev_5505,What is the unit of magentic properties of the electron?,squad,0,1.0,1.0,0.0,0,1,0.9148936170212766,6,6.187284398436269,oscillating,highly_oscillating
single_squad_dev_5518,What company did Comcast sell its interest in QVC to in 2004?,squad,1,1.0,0.8,0.19999999999999996,1,15,0.0,0,0.19999999999999996,rise_then_plateau,stable
single_squad_dev_5519,"When Comcast purchased AT&T Broadband, how many customers did they service?",squad,0,0.8,0.8,0.0,0,1,0.8,1,1.4666666666666668,other,mildly_oscillating
single_squad_dev_5520,What media conglomerate did Comcast try to buy in 2004?,squad,1,1.0,0.5,0.5,1,15,0.0,0,0.5,rise_then_plateau,mildly_oscillating
single_squad_dev_5530,What was the amount of disputed money that Comcast eventually returned to the Browns?,squad,0,0.0,0.0,0.0,0,16,0.0,0,0.0,flat,stable
single_squad_dev_5534,What specific type of disease is TB?,squad,0,0.0,0.0,0.0,0,16,0.0,0,0.0,flat,stable
single_squad_dev_554,What is an example of a passive solar technique?,squad,3,0.22222222222222224,0.0,0.22222222222222224,3,2,0.22222222222222224,3,0.657728329891353,oscillating,mildly_oscillating
single_squad_dev_5544,Discrimination that prevented minorities from serving their country to the best of their abilities was seen as what?,squad,0,0.0,0.0,0.0,0,16,0.0,0,0.0,flat,stable
single_squad_dev_5561,Where do the majority of FA cup finals take place? ,squad,0,0.0,0.0,0.0,0,16,0.0,0,0.0,flat,stable
single_squad_dev_5599,What happened at Verdingkinder auctions?,squad,7,0.2985074626865672,0.08421052631578947,0.21429693637077774,7,1,0.1007052648843694,1,0.3724166498945785,rise_then_fall,mildly_oscillating
single_squad_dev_563,What did they go to war against Bolshevick?,squad,12,0.07407407407407407,0.0,0.07407407407407407,12,1,0.07407407407407407,0,0.2824997946949166,fall_then_plateau,stable
single_squad_dev_5630,Emperor Daigo ruled during what years?,squad,0,0.0,0.0,0.0,0,16,0.0,0,0.0,flat,stable
single_squad_dev_5649,When is competition strongest in the natural world?,squad,11,0.0851063829787234,0.0,0.0851063829787234,11,5,0.044290056448111154,0,0.3844250715693467,rise_then_plateau,mildly_oscillating
single_squad_dev_5658,Why did James T. Costa think that On the Origin of Species was more likely to draw interest than a larger book that Darwin had been working on?,squad,2,0.2823529411764706,0.14814814814814814,0.13420479302832244,2,9,0.060130718954248374,0,0.30373122170647054,rise_then_plateau,mildly_oscillating
single_squad_dev_568,What is the highest dam in the world?,squad,1,1.0,0.5,0.5,1,2,0.9444444444444444,7,2.4444444444444446,oscillating,highly_oscillating
single_squad_dev_5684,Where was Gulag Camp No. 36 located?,squad,6,0.30769230769230765,0.0,0.30769230769230765,6,2,0.30769230769230765,2,0.8153846153846154,rise_then_fall,mildly_oscillating
single_squad_dev_5700,Why do some scholars propose a Thursday is possible?,squad,1,0.028985507246376815,0.0,0.028985507246376815,1,15,0.028985507246376815,0,0.05797101449275363,flat,stable
single_squad_dev_5712,How did Zugibe try to prove his theories?,squad,15,0.33333333333333326,0.058823529411764705,0.27450980392156854,15,1,0.0,2,0.5726620899225152,other,mildly_oscillating
single_squad_dev_572,What does the Hizb ut-Tahrir aim for?,squad,8,0.24,0.0,0.24,8,8,0.029473684210526346,2,0.5305365117970996,rise_then_plateau,mildly_oscillating
single_squad_dev_5723,Where is South Beach in relation to Downtown?,squad,0,0.5,0.5,0.0,0,1,0.5,7,2.6755102040816325,oscillating,highly_oscillating
single_squad_dev_5735,When did Britain formally surrender sovreignty over Hong Kong?,squad,0,0.5,0.5,0.0,0,1,0.5,3,2.0,oscillating,mildly_oscillating
single_squad_dev_578,What have the four sub-fields of anthropology lacked over the last several decades?,squad,1,1.0,0.0,1.0,1,3,0.8333333333333333,6,5.999999999999999,oscillating,highly_oscillating
single_squad_dev_5815,What are some of the reasons for a party's failure?,squad,3,0.125,0.0,0.125,3,7,0.125,3,0.44047619047619047,oscillating,mildly_oscillating
single_squad_dev_5828,Where is the Sweet Adelines HQ?,squad,0,1.0,1.0,0.0,0,1,1.0,8,8.658956916099772,oscillating,highly_oscillating
single_squad_dev_5836,"After completing his studies, under whose rule did he become a regular canon?",squad,1,0.6666666666666666,0.0,0.6666666666666666,1,1,0.606060606060606,4,2.6585237731456215,oscillating,highly_oscillating
single_squad_dev_5837,Who did Prior Diego admire more than the Holy Church?,squad,0,0.0,0.0,0.0,0,16,0.0,0,0.0,flat,stable
single_squad_dev_5883,Who caused the fall of the monarchy happened in Brazil?,squad,0,0.4210526315789473,0.4210526315789473,0.0,0,1,0.32693498452012376,1,0.5176470588235295,other,mildly_oscillating
single_squad_dev_5889,What type of state is the Philippines?,squad,3,0.5,0.3333333333333333,0.16666666666666669,3,2,0.5,5,1.215099715099715,oscillating,highly_oscillating
single_squad_dev_5895,Which two minerals found in abundance in Galicia were used during Bronze Age?,squad,2,1.0,0.6666666666666666,0.33333333333333337,2,6,0.7,3,2.433333333333333,oscillating,mildly_oscillating
single_squad_dev_5898,Where was this cult based in?,squad,0,0.0,0.0,0.0,0,16,0.0,0,0.0,flat,stable
single_squad_dev_5902,Which political group arose in 1916?,squad,0,0.0,0.0,0.0,0,16,0.0,0,0.0,flat,stable
single_squad_dev_5905,What are estuaries called in Galicia?,squad,0,0.0,0.0,0.0,0,16,0.0,0,0.0,flat,stable
single_squad_dev_5925,What performs bidirectional data translation between two standards?,squad,0,0.0,0.0,0.0,0,16,0.0,0,0.0,flat,stable
single_squad_dev_5927,What type of tolerances does the USB standard specify for compliant USB connectors?,squad,0,0.28571428571428575,0.28571428571428575,0.0,0,6,0.18045112781954892,4,0.9022556390977445,oscillating,highly_oscillating
single_squad_dev_5969,What is the neighborhood just west of Woodward?,squad,0,0.0,0.0,0.0,0,16,0.0,0,0.0,flat,stable
single_squad_dev_6013,What is the annual average direct solar irradiation?,squad,0,0.038461538461538464,0.038461538461538464,0.0,0,16,0.038461538461538464,0,0.038461538461538464,flat,stable
single_squad_dev_6029,What branch of the government has prosecutorial discretion?,squad,0,1.0,1.0,0.0,0,9,0.6666666666666666,3,2.6666666666666665,oscillating,mildly_oscillating
single_squad_dev_6044,Who managed structural and administrative rule?,squad,0,0.0,0.0,0.0,0,16,0.0,0,0.0,flat,stable
single_squad_dev_6046,When did Amdo come under Qing control?,squad,0,1.0,1.0,0.0,0,1,1.0,1,2.0,other,mildly_oscillating
single_squad_dev_6064,What is the predominant language in Asace?,squad,0,0.0,0.0,0.0,0,16,0.0,0,0.0,flat,stable
single_squad_dev_6066,What year was it restituted to France?  ,squad,0,0.0,0.0,0.0,0,16,0.0,0,0.0,flat,stable
single_squad_dev_6068,How long was the city completely empty?,squad,0,0.0,0.0,0.0,0,16,0.0,0,0.0,flat,stable
single_squad_dev_6098,When did settlements appear in Madhya Pradesh?,squad,0,0.0,0.0,0.0,0,16,0.0,0,0.0,flat,stable
single_squad_dev_6101,Where was the central location of the Muayan Empire?,squad,3,0.05128205128205128,0.0,0.05128205128205128,3,13,0.02051282051282051,0,0.12983991209133963,rise_then_plateau,stable
single_squad_dev_6109,How many dynasties fought for control from the 8th to the 10th century?,squad,13,1.0,0.0,1.0,13,1,1.0,1,2.0,rise_then_fall,mildly_oscillating
single_squad_dev_6121,What did the soldiers rebel against in the Indian Rebellion of 1857?,squad,1,0.4,0.2666666666666667,0.1333333333333333,1,1,0.4,7,1.8745098039215686,oscillating,highly_oscillating
single_squad_dev_6122,What did the British government remove that had caused the Rebellion?,squad,0,0.0,0.0,0.0,0,16,0.0,0,0.0,flat,stable
single_squad_dev_6125,With whom was it said the the movement ended?,squad,0,0.0,0.0,0.0,0,16,0.0,0,0.0,flat,stable
single_squad_dev_6143,France was angered by Nasser's support of the independence of what people?,squad,0,0.6666666666666666,0.6666666666666666,0.0,0,8,0.6666666666666666,4,3.333333333333333,oscillating,highly_oscillating
single_squad_dev_620,In which year did the Carnation Revolution take place?,squad,0,1.0,1.0,0.0,0,16,0.0,0,0.0,flat,stable
single_squad_dev_6220,What is the driest season on average in St. John's?,squad,0,1.0,1.0,0.0,0,16,0.0,0,0.0,flat,stable
single_squad_dev_6222,"In what year where there 100,646 inhabitants in St. John's?",squad,1,1.0,0.0,1.0,1,15,0.0,0,1.0,rise_then_plateau,mildly_oscillating
single_squad_dev_6235,What essential network were some users unable to connect to because of the error?,squad,12,0.4,0.05263157894736842,0.3473684210526316,12,2,0.3642857142857143,1,0.8391290268266284,rise_then_fall,mildly_oscillating
single_squad_dev_6287,Who did the Bobangi sell slave to?,squad,0,0.0,0.0,0.0,0,16,0.0,0,0.0,flat,stable
single_squad_dev_629,By which ministry is authority granted for funding and managing Portugal's research system?,squad,1,1.0,0.9333333333333333,0.06666666666666665,1,2,0.06666666666666665,5,0.3999999999999999,oscillating,highly_oscillating
single_squad_dev_6290,Who became the first democratically elected president?,squad,0,0.0,0.0,0.0,0,16,0.0,0,0.0,flat,stable
single_squad_dev_6323,What is unique about the LaserDisc release of E.T.?,squad,4,0.5416666666666667,0.0689655172413793,0.47270114942528746,4,1,0.25595238095238104,8,2.4769868637110024,oscillating,highly_oscillating
single_squad_dev_6335,Which artist released a music video and three audio tracks on CD-V in 1989?,squad,6,1.0,0.0,1.0,6,10,0.0,0,1.0,rise_then_plateau,mildly_oscillating
single_squad_dev_6341,What are annelids' cuticles made out of?,squad,2,1.0,0.4,0.6,2,3,0.8787878787878788,7,6.114097496706193,oscillating,highly_oscillating
single_squad_dev_6346,What runs the length of annelids' bodies with well-developed septa?,squad,5,1.0,0.0,1.0,5,1,1.0,4,4.6923076923076925,oscillating,highly_oscillating
single_squad_dev_6369,How do polytheistic religions view sex by God or gods?,squad,3,0.31746031746031744,0.07843137254901962,0.23902894491129784,3,6,0.0976800976800977,3,0.5136458576690285,oscillating,mildly_oscillating
single_squad_dev_6379,When did the US invade Afghanistan?,squad,4,1.0,0.8,0.19999999999999996,4,3,0.6923076923076923,6,3.631975867269985,oscillating,highly_oscillating
single_squad_dev_6391,When did MacDonald submit the resignation of his ministers?,squad,0,0.5,0.5,0.0,0,16,0.0,0,0.0,flat,stable
single_squad_dev_6392,How many seats did Labour win in 2010?,squad,0,1.0,1.0,0.0,0,1,1.0,0,1.0,fall_then_plateau,mildly_oscillating
single_squad_dev_6431,Why aren't homestead and subdivision areas more popular?,squad,0,0.125,0.125,0.0,0,1,0.125,0,0.2187122044042276,fall_then_plateau,stable
single_squad_dev_6434,Which area in Alaska is the nation's second highest-yielding oil field?,squad,1,1.0,0.6666666666666666,0.33333333333333337,1,7,1.0,5,2.666666666666667,oscillating,highly_oscillating
single_squad_dev_6439,When are cabooses still used occasionally?,squad,0,0.3333333333333333,0.3333333333333333,0.0,0,1,0.3333333333333333,2,0.7349020717014738,other,mildly_oscillating
single_squad_dev_6447,Which city made Popper part of its Ring of Honour in 1983?,squad,0,1.0,1.0,0.0,0,1,1.0,2,3.0,other,mildly_oscillating
single_squad_dev_6481,Humans can control insects using what?,squad,1,1.0,0.19999999999999998,0.8,1,1,1.0,6,4.552380952380953,oscillating,highly_oscillating
single_squad_dev_6482,Insects have the potential to damage what?,squad,0,0.5,0.5,0.0,0,1,0.5,0,0.5,fall_then_plateau,mildly_oscillating
single_squad_dev_6486,What did plants eventually form against insects?,squad,3,1.0,0.6666666666666666,0.33333333333333337,3,6,0.8787878787878788,3,3.4242424242424243,oscillating,mildly_oscillating
single_squad_dev_6547,What percentage of African ancestry were 30% of college students identifying as white estimated to have?,squad,0,0.0,0.0,0.0,0,16,0.0,0,0.0,flat,stable
single_squad_dev_6549,How many years was Francois Mitterrand in power?,squad,0,0.6666666666666666,0.6666666666666666,0.0,0,16,0.0,0,0.0,flat,stable
single_squad_dev_6569,What percentage of french publishing houses were in Paris in the 1970s?,squad,0,1.0,1.0,0.0,0,1,0.33333333333333337,0,0.33333333333333337,fall_then_plateau,mildly_oscillating
single_squad_dev_6587,What is one of the most important and complex of the Olympian deities in classical Greek and Roman religion?,squad,1,0.1111111111111111,0.0,0.1111111111111111,1,15,0.0,0,0.1111111111111111,rise_then_plateau,stable
single_squad_dev_660,"In what month was the inaugural concert held for the ""Ed in '08"" campaign?",squad,0,0.0,0.0,0.0,0,16,0.0,0,0.0,flat,stable
single_squad_dev_661,On what day did the Kanye's famous George W. Bush criticism take place?,squad,0,1.0,1.0,0.0,0,3,1.0,7,7.8,oscillating,highly_oscillating
single_squad_dev_6621,What was the tag line requirement before?,squad,2,0.07407407407407407,0.0,0.07407407407407407,2,1,0.07407407407407407,4,0.5233707214247807,oscillating,highly_oscillating
single_squad_dev_6628,What program did IBM launch in 1942?,squad,4,0.12903225806451613,0.0,0.12903225806451613,4,12,0.030671602326811195,0,0.1827496619733924,rise_then_plateau,stable
single_squad_dev_6668,What are the four recognized levels of testing software?,squad,2,1.0,0.11764705882352941,0.8823529411764706,2,1,0.2592592592592593,3,1.6601307189542485,oscillating,mildly_oscillating
single_squad_dev_6670,What determines how deep a tester will go during regression?,squad,5,0.15384615384615383,0.0,0.15384615384615383,5,1,0.15384615384615383,8,1.1970500203916095,oscillating,highly_oscillating
single_squad_dev_6691,"Besides tax shifting, what is another need?",squad,2,0.05405405405405405,0.0,0.05405405405405405,2,10,0.05405405405405405,0,0.16946240196240192,rise_then_plateau,stable
single_squad_dev_675,How many of Kanye's albums placed on the 2012 Rolling Stone list?,squad,0,0.0,0.0,0.0,0,16,0.0,0,0.0,flat,stable
single_squad_dev_6785,What ruler recognized the Ottomans in 1547?,squad,1,1.0,0.0,1.0,1,15,0.0,0,1.0,rise_then_plateau,mildly_oscillating
single_squad_dev_6787,Who had control over Iraq before it was recaptured in 1639?,squad,0,0.0,0.0,0.0,0,16,0.0,0,0.0,flat,stable
single_squad_dev_679,What do scholars recognize about the life of the Buddha?,squad,11,0.37837837837837834,0.07894736842105263,0.29943100995732574,11,1,0.16625716625716622,5,1.0388202618179379,oscillating,highly_oscillating
single_squad_dev_6809,What type of Ottoman poetry is ritualized?,squad,0,1.0,1.0,0.0,0,1,1.0,1,2.0,other,mildly_oscillating
single_squad_dev_6825,What is considered contrary to idealist beliefs in regards to space?,squad,4,1.0,0.0,1.0,4,1,1.0,8,3.7743691808707287,oscillating,highly_oscillating
single_squad_dev_6855,What ideology did Hayek not agree with in an essay appended to The Constitution of Liberty?,squad,6,1.0,0.0,1.0,6,10,0.0,0,1.0,rise_then_plateau,mildly_oscillating
single_squad_dev_686,What happened when Gautama left the palace grounds?,squad,0,0.19047619047619047,0.19047619047619047,0.0,0,1,0.19047619047619047,4,0.569069641253722,oscillating,highly_oscillating
single_squad_dev_6875,When was the first madrasa started in North America?,squad,0,0.0,0.0,0.0,0,16,0.0,0,0.0,flat,stable
single_squad_dev_6878,Which were the two biggest immigrant groups in Philadelphia?,squad,0,0.6666666666666666,0.6666666666666666,0.0,0,1,0.5238095238095237,4,2.404761904761904,oscillating,highly_oscillating
single_squad_dev_689,The south branch of the original fig tree is known as?,squad,0,0.3333333333333333,0.3333333333333333,0.0,0,1,0.3333333333333333,0,0.3333333333333333,fall_then_plateau,mildly_oscillating
single_squad_dev_6890,Who uses the opera house?,squad,2,0.36363636363636365,0.30769230769230765,0.05594405594405599,2,1,0.2791293213828425,6,1.4696213608440203,oscillating,highly_oscillating
single_squad_dev_6907,How many swift boats did Kerry command?,squad,0,0.0,0.0,0.0,0,16,0.0,0,0.0,flat,stable
single_squad_dev_6908,"What was released on March 17, 1969?",squad,0,0.0,0.0,0.0,0,16,0.0,0,0.0,flat,stable
single_squad_dev_6914,What was Paul Tsongas's job in 1984?,squad,1,0.25,0.0,0.25,1,2,0.25,3,1.0,oscillating,mildly_oscillating
single_squad_dev_6928,What famous dish is also known as hot garlic paste?,squad,0,0.0,0.0,0.0,0,16,0.0,0,0.0,flat,stable
single_squad_dev_695,"According to Genshin, whats has the power to destroy karma?",squad,0,0.0,0.0,0.0,0,16,0.0,0,0.0,flat,stable
single_squad_dev_6952,"Along with physicalist theories, what theories is idealism in conflict with?",squad,8,0.6666666666666666,0.0,0.6666666666666666,8,2,0.2666666666666666,4,1.733333333333333,oscillating,highly_oscillating
single_squad_dev_6954,What was the ethnicity of Friedrich Wilhelm Joseph Schelling?,squad,0,1.0,1.0,0.0,0,11,0.7777777777777778,1,1.5555555555555556,other,mildly_oscillating
single_squad_dev_6959,"Along with the Unity Church, what contemporary religious movement may be regarded as idealist?",squad,0,1.0,1.0,0.0,0,1,1.0,2,2.2,other,mildly_oscillating
single_squad_dev_6960,"Who came up with the idea of ""things-as-interacted-by-us""?",squad,0,0.0,0.0,0.0,0,16,0.0,0,0.0,flat,stable
single_squad_dev_6964,What sort of reality did Hegel perceive God's mind to be?,squad,0,0.0,0.0,0.0,0,16,0.0,0,0.0,flat,stable
single_squad_dev_6986,What Fahrenheit temperature is the lowest ever recorded in Tennessee?,squad,0,0.0,0.0,0.0,0,16,0.0,0,0.0,flat,stable
single_squad_dev_6987,Which hurricane brought damaging rains to Tennessee in 1995?,squad,0,1.0,1.0,0.0,0,1,1.0,2,2.032944130571249,other,mildly_oscillating
single_squad_dev_70,Which era was credited to have influenced Beyonce's singing style by Jody Rosen?,squad,0,0.0,0.0,0.0,0,16,0.0,0,0.0,flat,stable
single_squad_dev_7022,What began to alienate the readers from publications such as NME?,squad,0,0.0,0.0,0.0,0,16,0.0,0,0.0,flat,stable
single_squad_dev_706,"Buddhism seeks to be neither pessimistic or optimistic, but what?",squad,0,1.0,1.0,0.0,0,1,1.0,0,1.0,fall_then_plateau,mildly_oscillating
single_squad_dev_707,"The Buddha rejected the metaphysical assertions ""I have a Self"" and ""I have no Self"" as views that bind one to what?",squad,0,1.0,1.0,0.0,0,11,0.9,3,3.6,oscillating,mildly_oscillating
single_squad_dev_7079,Who had previously worked on fission bomb yields before Feynman?,squad,4,0.4,0.25,0.15000000000000002,4,1,0.4,2,1.1040540540540542,rise_then_fall,mildly_oscillating
single_squad_dev_7084,"In his book, Feynman was shown playing what instrument?",squad,0,0.6666666666666666,0.6666666666666666,0.0,0,1,0.6666666666666666,3,2.1333333333333333,oscillating,mildly_oscillating
single_squad_dev_7088,"Which place in Russia could Feynman not visit, but wished to do so?",squad,0,0.0,0.0,0.0,0,16,0.0,0,0.0,flat,stable
single_squad_dev_7128,How much did Gaddafi pay for his Airbus A340?,squad,0,0.5,0.5,0.0,0,1,0.5,0,0.5,fall_then_plateau,mildly_oscillating
single_squad_dev_7150,What did the March 2013 agreement decide?,squad,0,0.0,0.0,0.0,0,16,0.0,0,0.0,flat,stable
single_squad_dev_7236,What did Neptune's gravity do to Kuiper belt? ,squad,1,0.4444444444444444,0.14285714285714285,0.30158730158730157,1,5,0.3035993740219092,1,0.7170738456238339,rise_then_plateau_then_fall,mildly_oscillating
single_squad_dev_7257,Why are disel trains  still used on electrified routes?,squad,7,0.08163265306122448,0.0,0.08163265306122448,7,1,0.08163265306122448,3,0.27755102040816326,oscillating,mildly_oscillating
single_squad_dev_7259,What could be a factor of lower energy consumption for electric trains?,squad,7,0.02173913043478261,0.0,0.02173913043478261,7,9,0.02173913043478261,0,0.04347826086956522,flat,stable
single_squad_dev_7263,What year did most Cubans start coming to America?,squad,10,0.25,0.0,0.25,10,1,0.15476190476190477,1,0.4428571428571429,rise_then_fall,mildly_oscillating
single_squad_dev_7266,Do American Hispanics speak English in the home?,squad,1,0.37037037037037035,0.35294117647058826,0.01742919389978209,1,3,0.12037037037037035,5,0.5528382293088172,oscillating,highly_oscillating
single_squad_dev_7292,The Charleston International Airport is located in what city?,squad,1,1.0,0.4,0.6,1,15,0.0,0,0.6,rise_then_plateau,mildly_oscillating
single_squad_dev_7303,"Along with slaves, who was sent to work in cinnabar mines in Rome?",squad,0,0.0,0.0,0.0,0,16,0.0,0,0.0,flat,stable
single_squad_dev_7322,In what year during the 20th century did the Chinese flag become red?,squad,0,1.0,1.0,0.0,0,2,1.0,5,6.0,oscillating,highly_oscillating
single_squad_dev_733,What Buddhism emerged in the second half of the 20th century in Japan?,squad,13,1.0,0.0,1.0,13,1,0.33333333333333337,5,2.88375350140056,oscillating,highly_oscillating
single_squad_dev_7337,People called the raids very blitzy like they were talking about what?,squad,0,0.0,0.0,0.0,0,16,0.0,0,0.0,flat,stable
single_squad_dev_7359,What did the experience of German's using incendiaries mean?,squad,14,0.08333333333333333,0.08108108108108109,0.002252252252252243,14,2,0.0043859649122807015,2,0.41402178968623343,other,mildly_oscillating
single_squad_dev_7360,Who did the Communists blame for the damage in the Conventry raids?,squad,3,0.04081632653061225,0.0,0.04081632653061225,3,13,0.04081632653061225,0,0.22998430141287285,flat,stable
single_squad_dev_7363,Which two federal agencies administer the Act?,squad,8,0.25,0.08333333333333333,0.16666666666666669,8,3,0.06818181818181818,6,0.6006493506493507,oscillating,highly_oscillating
single_squad_dev_7376,When will a person or animal lose consciousness  when exposed to a vacuum?,squad,1,1.0,0.3333333333333333,0.6666666666666667,1,10,0.7142857142857143,2,2.0952380952380953,rise_then_plateau_then_fall,mildly_oscillating
single_squad_dev_738,the vinaya was recited by?,squad,0,0.0,0.0,0.0,0,16,0.0,0,0.0,flat,stable
single_squad_dev_7392,What empire had established an embassy in Anxi?,squad,0,0.0,0.0,0.0,0,16,0.0,0,0.0,flat,stable
single_squad_dev_7393,Which group did Han forces fight in the Tarm Basin?,squad,0,1.0,1.0,0.0,0,2,1.0,1,2.0,other,mildly_oscillating
single_squad_dev_7410,What could a criminal in this era expect not to happen if he was convicted of a crime?,squad,0,0.0,0.0,0.0,0,16,0.0,0,0.0,flat,stable
single_squad_dev_7412,When did Emperor Ming of Han's reign end?,squad,0,1.0,1.0,0.0,0,1,0.6,1,0.8666666666666666,other,mildly_oscillating
single_squad_dev_7447,Who first standardized the earliest versions of the Quran?,squad,5,1.0,0.4,0.6,5,11,0.0,1,1.4,rise_then_plateau,mildly_oscillating
single_squad_dev_7461,Which people would Mohammad's critics have compared him to at the time?,squad,1,0.04081632653061225,0.0,0.04081632653061225,1,15,0.04081632653061225,0,0.26665603096821994,flat,stable
single_squad_dev_7489,What createds the change in light reflected off of a CD?,squad,1,0.3529411764705882,0.2857142857142857,0.0672268907563025,1,1,0.29660314830157414,9,1.1947904118503156,oscillating,highly_oscillating
single_squad_dev_7525,What did Lewis Paul invent?,squad,0,0.4,0.4,0.0,0,1,0.1777777777777778,1,0.2412698412698413,other,stable
single_squad_dev_7534,Who was murdered in Austria?,squad,0,0.0,0.0,0.0,0,16,0.0,0,0.0,flat,stable
single_squad_dev_7563,When did  Obama have the protest plates put on his Presidential limousine?,squad,2,0.6,0.0,0.6,2,14,0.0,0,0.6,rise_then_plateau,mildly_oscillating
single_squad_dev_7569,What is the name of the largest US military base outside of US territory?,squad,6,0.039999999999999994,0.0,0.039999999999999994,6,10,0.039999999999999994,0,0.20496995914443641,flat,stable
single_squad_dev_759,How many wildcards were chosen by the judges in season eight?,squad,0,1.0,1.0,0.0,0,1,1.0,1,2.0,other,mildly_oscillating
single_squad_dev_7597,What else would be an effective application of this antenna type?,squad,0,0.0,0.0,0.0,0,16,0.0,0,0.0,flat,stable
single_squad_dev_7601,What is the earliest known angiosperm?,squad,0,0.6666666666666666,0.6666666666666666,0.0,0,1,0.6666666666666666,0,0.6666666666666666,fall_then_plateau,mildly_oscillating
single_squad_dev_7663,Who disclosed the CIA's budget for 2005?,squad,0,0.0,0.0,0.0,0,16,0.0,0,0.0,flat,stable
single_squad_dev_7679,Where does pain-related activity in the thalamus spread to? ,squad,1,0.5,0.3636363636363636,0.1363636363636364,1,3,0.2142857142857143,3,0.7792207792207793,oscillating,mildly_oscillating
single_squad_dev_7680,How can patients with dementia indicate discomfort exists?,squad,0,0.0,0.0,0.0,0,16,0.0,0,0.0,flat,stable
single_squad_dev_7688,How can large quantities of data be accessed?,squad,2,0.021052631578947368,0.0,0.021052631578947368,2,14,0.021052631578947368,0,0.042105263157894736,flat,stable
single_squad_dev_7701,What is a unit of work called in a database?,squad,0,1.0,1.0,0.0,0,1,0.9487179487179487,4,4.230769230769231,oscillating,highly_oscillating
single_squad_dev_7726,In what month did Tucson get the most snow?,squad,3,0.6666666666666666,0.0,0.6666666666666666,3,1,0.6666666666666666,1,1.3333333333333333,rise_then_fall,mildly_oscillating
single_squad_dev_7735,What is Tucson's PBS station?,squad,15,0.6666666666666666,0.0,0.6666666666666666,15,1,0.0,4,1.9999999999999998,oscillating,highly_oscillating
single_squad_dev_7759,What did Armenia declare a cease-fire to in 1994?,squad,6,1.0,0.5,0.5,6,10,0.0,1,1.5,rise_then_plateau,mildly_oscillating
single_squad_dev_7771,What is the purpose of networks of channels in microcolonies?,squad,0,0.09523809523809525,0.09523809523809525,0.0,0,16,0.04761904761904762,0,0.16392464678178964,flat,stable
single_squad_dev_7776,What is the diameter of fimbriae?,squad,0,0.0,0.0,0.0,0,16,0.0,0,0.0,flat,stable
single_squad_dev_7793,"In the additive method, which parts of the laminate are plated with copper?",squad,0,0.2,0.2,0.0,0,1,0.2,2,0.6075776489186947,other,mildly_oscillating
single_squad_dev_7806,What type of construction is best for applications that need to portion space carefully?,squad,0,0.0,0.0,0.0,0,16,0.0,0,0.0,flat,stable
single_squad_dev_7809,How much revenue does the league generate in domestic and international television rights?,squad,0,0.14285714285714285,0.14285714285714285,0.0,0,16,0.0,0,0.0,flat,stable
single_squad_dev_7825,How is a tie for the championship handled?,squad,4,0.23333333333333334,0.1818181818181818,0.05151515151515154,4,6,0.05422885572139308,0,0.31063494572804723,rise_then_plateau,mildly_oscillating
single_squad_dev_7842,"Over the last two years, what rank must a player's team average at least in order for them to receive a work permit from the Home Office?",squad,1,1.0,0.0,1.0,1,15,0.0,0,1.0,rise_then_plateau,mildly_oscillating
single_squad_dev_7847,What factor is considered by some to be the main driving force behind the expansion of Rome?,squad,1,0.04444444444444444,0.0,0.04444444444444444,1,15,0.04444444444444444,0,0.08888888888888888,flat,stable
single_squad_dev_7888,What would be one of the duties that a newly elected magistrate could expect to perform?,squad,0,0.0,0.0,0.0,0,16,0.0,0,0.0,flat,stable
single_squad_dev_7895,When did academic schooling begin in the Roman Republic?,squad,0,0.28571428571428575,0.28571428571428575,0.0,0,1,0.28571428571428575,4,0.5822890559732665,oscillating,highly_oscillating
single_squad_dev_7909,What nation provided material support to China?,squad,0,1.0,1.0,0.0,0,1,1.0,0,1.0,fall_then_plateau,mildly_oscillating
single_squad_dev_7940,What was the name of the mountain on Iwo Jima?,squad,0,1.0,1.0,0.0,0,15,0.6363636363636365,0,0.6363636363636365,fall_then_plateau,mildly_oscillating
single_squad_dev_7941,What was the capital of Burma?,squad,0,0.0,0.0,0.0,0,16,0.0,0,0.0,flat,stable
single_squad_dev_8033,"In 2008, how much was Iran's state subsidy in its energy sector?",squad,1,0.6666666666666666,0.3333333333333333,0.3333333333333333,1,15,0.0,0,0.3333333333333333,rise_then_plateau,mildly_oscillating
single_squad_dev_8053,The Northern Ireland Executive meets with what other government to develop policies for the island of Ireland?,squad,12,1.0,0.7499999999999999,0.2500000000000001,12,4,0.0,1,0.9499999999999998,other,mildly_oscillating
single_squad_dev_8089,How are members chosen for the court?,squad,11,0.4,0.0,0.4,11,1,0.23838383838383842,9,1.7497684038925627,oscillating,highly_oscillating
single_squad_dev_8090,When did the Liberian economy hit it's peak growth?,squad,1,1.0,0.0,1.0,1,15,0.0,0,1.0,rise_then_plateau,mildly_oscillating
single_squad_dev_810,How many seasons of American Idol have there been?,squad,7,1.0,0.0,1.0,7,1,1.0,4,5.0,oscillating,highly_oscillating
single_squad_dev_8102,What did the update of operation dalog boxes help with?,squad,8,0.20289855072463772,0.0,0.20289855072463772,8,1,0.20289855072463772,6,1.1093759261283733,oscillating,highly_oscillating
single_squad_dev_8128,What is the location of the Gwamile Vocational and Commercial Training Institute?,squad,1,1.0,0.0,1.0,1,2,0.33333333333333337,1,1.3333333333333335,rise_then_fall,mildly_oscillating
single_squad_dev_8141,What do researchers use back-translation to try to reconstruct when a document survives only in translation?,squad,2,1.0,0.6666666666666666,0.33333333333333337,2,7,0.8947368421052632,5,4.578947368421053,oscillating,highly_oscillating
single_squad_dev_8143,Unedited machine translation will miss what crucial aspect of human language?,squad,1,0.6666666666666666,0.0,0.6666666666666666,1,8,0.5952380952380952,2,1.8571428571428572,rise_then_plateau_then_fall,mildly_oscillating
single_squad_dev_8168,What was the group called that owed labour duty to the princes?,squad,0,0.0,0.0,0.0,0,16,0.0,0,0.0,flat,stable
single_squad_dev_8183,What device allows backing up SNES games?,squad,0,0.0,0.0,0.0,0,16,0.0,0,0.0,flat,stable
single_squad_dev_8201,How important was beer brewing to Sumerians?,squad,4,0.4444444444444445,0.02173913043478261,0.4227053140096619,4,1,0.4277777777777778,1,0.9189684347258849,rise_then_fall,mildly_oscillating
single_squad_dev_8206,How many years were the Sumerian city-states at war?,squad,10,0.06896551724137931,0.0,0.06896551724137931,10,6,0.006465517241379309,0,0.20575490316066458,rise_then_plateau,stable
single_squad_dev_8211,What land mass was de Mendana actually seeking?,squad,0,1.0,1.0,0.0,0,1,1.0,0,1.0,fall_then_plateau,mildly_oscillating
single_squad_dev_8219,What is the AOSIS'S main concern?,squad,0,0.33333333333333337,0.33333333333333337,0.0,0,1,0.33333333333333337,0,0.33333333333333337,fall_then_plateau,mildly_oscillating
single_squad_dev_8229,What athlete won Tuvalu's first gold metal in competition? ,squad,1,1.0,0.0,1.0,1,6,1.0,1,2.0,rise_then_plateau_then_fall,mildly_oscillating
single_squad_dev_8271,What other types of sports are popular in Namibia?,squad,6,0.09999999999999999,0.0,0.09999999999999999,6,10,0.02592592592592592,4,0.5375661375661376,oscillating,highly_oscillating
single_squad_dev_8276,How much of the Namibian population is infected with HIV?,squad,0,0.0,0.0,0.0,0,16,0.0,0,0.0,flat,stable
single_squad_dev_831,"PepsiCo fell to what place by 2010, which is in part credited with refusing to sponsor American Idol?",squad,0,0.6666666666666666,0.6666666666666666,0.0,0,16,0.0,0,0.0,flat,stable
single_squad_dev_8338,Pectoralis account for what percentage of total mass of a bird?,squad,1,1.0,0.0,1.0,1,15,0.0,0,1.0,rise_then_plateau,mildly_oscillating
single_squad_dev_8400,What did the European colonization forever change?,squad,10,0.4615384615384615,0.16666666666666666,0.2948717948717948,10,1,0.34213547646383463,2,0.9867385650781844,rise_then_fall,mildly_oscillating
single_squad_dev_8406,How many strings did the Apache fiddle have?,squad,0,0.0,0.0,0.0,0,16,0.0,0,0.0,flat,stable
single_squad_dev_8407,What comprises a major category in the world art collection?,squad,0,0.20000000000000004,0.20000000000000004,0.0,0,1,0.20000000000000004,2,0.6199743918053777,other,mildly_oscillating
single_squad_dev_8460,Who does the facade at the Santa Maria church depict?,squad,6,0.18181818181818182,0.0784313725490196,0.10338680926916222,6,2,0.18181818181818182,2,0.44206773618538325,rise_then_fall,mildly_oscillating
single_squad_dev_8478,Where can the most superb example of Umayyad mosaic floor paneling?,squad,1,0.5,0.22222222222222224,0.2777777777777778,1,6,0.1428571428571429,1,0.4206349206349207,rise_then_plateau_then_fall,mildly_oscillating
single_squad_dev_8496,"According to myth, what god's temple did Romulus found?",squad,0,1.0,1.0,0.0,0,1,1.0,0,1.0,fall_then_plateau,mildly_oscillating
single_squad_dev_8499,What did Augustus wish to do for Roman religion?,squad,0,0.0,0.0,0.0,0,16,0.0,0,0.0,flat,stable
single_squad_dev_8504,From whom was Rome asking for protection?,squad,0,0.0,0.0,0.0,0,16,0.0,0,0.0,flat,stable
single_squad_dev_8527,When did Judea become an allied kingdom to Rome?,squad,0,1.0,1.0,0.0,0,1,1.0,1,1.5,other,mildly_oscillating
single_squad_dev_8581,Who did Martin Luther criticize in the 95 theses?,squad,0,0.4,0.4,0.0,0,1,0.4,6,1.6666666666666667,oscillating,highly_oscillating
single_squad_dev_8612,What lake has some hotels around it?,squad,2,0.5,0.029411764705882356,0.47058823529411764,2,14,0.0,0,0.5294117647058824,rise_then_plateau,mildly_oscillating
single_squad_dev_866,"Because dogs respond to voices the same way humans do, they are able to recognize what in human sounds, making them social?",squad,0,0.0,0.0,0.0,0,16,0.0,0,0.0,flat,stable
single_squad_dev_8688,When did the Normandy invasion occur?,squad,0,1.0,1.0,0.0,0,16,0.0,0,0.0,flat,stable
single_squad_dev_8708,Who was the youngest person elected to the United States presidency?,squad,0,0.5,0.5,0.0,0,1,0.5,5,2.688787185354691,oscillating,highly_oscillating
single_squad_dev_8723,What was the Bronx called in the mid-19th century?,squad,0,0.0,0.0,0.0,0,16,0.0,0,0.0,flat,stable
single_squad_dev_8734,Where is the DeWitt Clinton High School?,squad,0,0.5,0.5,0.0,0,1,0.5,3,1.7894736842105265,oscillating,mildly_oscillating
single_squad_dev_8736,Who started BDP?,squad,7,1.0,0.2857142857142857,0.7142857142857143,7,1,1.0,6,6.313883299798793,oscillating,highly_oscillating
single_squad_dev_8757,During what time period did secular have a more neutral connotation?,squad,0,0.0,0.0,0.0,0,16,0.0,0,0.0,flat,stable
single_squad_dev_877,"Kimat is the dog of Tadaklan, who is the god of what?",squad,1,1.0,0.0,1.0,1,15,0.0,0,1.0,rise_then_plateau,mildly_oscillating
single_squad_dev_879,"In Hindu mythology, what do the two dogs who are owned by the god of death watch over?",squad,1,1.0,0.3333333333333333,0.6666666666666667,1,15,0.0,0,0.6666666666666667,rise_then_plateau,mildly_oscillating
single_squad_dev_8809,Disease can arise when an organism inflicts what on the host?,squad,5,1.0,0.0,1.0,5,11,0.0,0,1.0,rise_then_plateau,mildly_oscillating
single_squad_dev_8827,The importance of can be seen in what legends?,squad,0,0.0,0.0,0.0,0,16,0.0,0,0.0,flat,stable
single_squad_dev_8831,About how many birds are released onto shooting estates every year in the UK?,squad,4,1.0,0.5,0.5,4,2,0.5,4,2.5,oscillating,highly_oscillating
single_squad_dev_8832,What must be purchased with hunting license is comes in a limited number?,squad,1,1.0,0.4,0.6,1,8,1.0,3,3.6,oscillating,mildly_oscillating
single_squad_dev_8837,Who provides hunter education?,squad,13,0.11538461538461538,0.0,0.11538461538461538,13,3,0.040384615384615366,0,0.2998268281436019,rise_then_plateau,stable
single_squad_dev_8856,What secondary language do educated people in Kathmandu speak?,squad,0,1.0,1.0,0.0,0,16,0.0,0,0.0,flat,stable
single_squad_dev_8877,The Moti Azima Gallery contains objects that might be found in a Nepalese house of what time period?,squad,7,1.0,0.0,1.0,7,9,0.0,0,1.0,rise_then_plateau,mildly_oscillating
single_squad_dev_901,Where did the torch route start in Buenos Aires?,squad,0,0.0,0.0,0.0,0,16,0.0,0,0.0,flat,stable
single_squad_dev_92,When did she set the record for most Grammy awards won in one night?,squad,0,1.0,1.0,0.0,0,1,1.0,0,1.0,fall_then_plateau,mildly_oscillating
single_squad_dev_935,"As opposed to physical objects, what did Whitehead believe reality is composed of?",squad,12,1.0,0.0,1.0,12,4,0.0,2,1.7230769230769232,other,mildly_oscillating
single_squad_dev_947,What is Whitehead's term for the two modes of perceptions combining?,squad,3,1.0,0.0,1.0,3,1,0.6923076923076923,8,6.538461538461539,oscillating,highly_oscillating
single_squad_dev_992,How many tourists visit St. Barts each year?,squad,0,0.6666666666666666,0.6666666666666666,0.0,0,1,0.6666666666666666,0,0.6666666666666666,fall_then_plateau,mildly_oscillating
single_squad_dev_996,Where is the airport located on the island?,squad,0,0.0,0.0,0.0,0,16,0.0,0,0.0,flat,stable
